id,universidad,carrera,area_academica,modalidad,semestres,fecha_oferta,ciudad
1,Uabjo,ingenieria en sistemas computacionales,ingenieria,presencial,8,2024-11-15,oaxaca capital
2,Ujat,administracion de empresas,administracion,presencial,8,2024-10-22,Huajuapan
3,Uabjo,lic. en psicologia,ciencias sociales,presencial,8,2024-12-03,oaxaca capital
4,Tecnologica Del Valle,tec. en electronica,ingenieria,presencial,6,2024-11-08,Etla
5,Uabjo,lic en enfermeria,salud,presencial,8,2024-09-30,oaxaca capital
6,Ies Oaxaca,diseño grafico,artes,presencial,6,2024-10-14,Xoxocotlan
7,Ujat,lic. en educacion,educacion,presencial,8,2024-11-25,Tlacolula
8,Uabjo,contabilidad,administracion,semi presencial,8,2024-10-05,oaxaca capital
9,Tecnologica Del Valle,tec en mecanica,ingenieria,presencial,6,2024-12-01,Lachixio
10,Ies Oaxaca,lic en turismo,turismo,presencial,8,2024-09-18,oaxaca capital
11,Ujat,ingenieria agronomica,ingenieria,presencial,8,2024-11-30,juarez
12,Uabjo,lic en derecho,ciencias sociales,presencial,9,2024-10-28,oaxaca capital
13,Ujat,lic. en nutricion,salud,presencial,8,2024-11-12,Huajuapan
14,Ies Oaxaca,tec en gastronomia,artes,presencial,6,2024-09-26,Xoxocotlan
15,Uabjo,lic en economia,administracion,presencial,8,2024-12-04,oaxaca capital
16,Tecnologica Del Valle,tec en informatica,ingenieria,semi presencial,6,2024-10-31,Ixtlan
17,Ujat,lic en biologia,ciencias,presencial,8,2024-11-19,Tlacolula
18,Uabjo,lic en marketing,administracion,presencial,8,2024-09-17,oaxaca capital
19,Ies Oaxaca,lic en comunicacion,ciencias sociales,presencial,8,2024-11-06,Etla
20,Uabjo,lic en ambiental,ciencias,presencial,8,2024-10-09,oaxaca capital
21,Centro De Estudios,lic. en biologia,artes,virtual,10,2024-07-03,Huajuapan
22,Ies Oaxaca,administracion de empresas,educacion,presencial,10,2024-11-28,Tlacolula
23,Ujat,contabilidad,humanidades,presencial,8,2024-01-02,Pochutla
24,Ies Oaxaca,tec. en informatica,artes,presencial,8,2024-09-08,juarez
25,Instituto Tecnologico,administracion de empresas,salud,semi presencial,10,2024-09-09,Huajuapan
26,Instituto Superior,tec. en informatica,salud,semi presencial,6,2024-12-30,Salina Cruz
27,Ujat,ingenieria electronica,humanidades,presencial,8,2024-04-17,Ixtlan
28,Ies Oaxaca,lic en enfermeria,humanidades,virtual,8,2024-11-08,Pochutla
29,Uabjo,tec en mecanica,educacion,virtual,6,2024-12-23,oaxaca capital
30,Uabjo,lic. en psicologia,humanidades,virtual,8,2024-07-02,Salina Cruz
31,Colegio De Bachilleres,ingenieria electronica,tecnologia,semi presencial,8,2024-09-04,Salina Cruz
32,Ies Oaxaca,lic. en filosofia,ingenieria,presencial,6,2024-03-10,Xoxocotlan
33,Uabjo,lic. en comunicacion,ciencias sociales,virtual,8,2024-11-29,Lachixio
34,Uabjo,lic en enfermeria,ciencias sociales,virtual,6,2024-08-10,Pochutla
35,Uabjo,lic. en filosofia,ingenieria,virtual,8,2024-09-11,Ixtlan
36,Ies Oaxaca,lic. en educacion,humanidades,semi presencial,8,2024-01-02,Xoxocotlan
37,Centro De Estudios,ingenieria en sistemas computacionales,economia,virtual,10,2024-01-12,juarez
38,Tebacsso,lic. en comunicacion,economia,virtual,8,2024-11-26,Xoxocotlan
39,Colegio De Bachilleres,ingenieria civil,economia,presencial,8,2024-08-04,Ixtlan
40,Ujat,tec. en electronica,economia,semi presencial,8,2024-10-16,Lachixio
41,Instituto Superior,diseño grafico,ciencias sociales,virtual,8,2024-07-11,Lachixio
42,Univers. Autonoma,ingenieria en sistemas computacionales,derecho,virtual,10,2024-08-09,Etla
43,Escuela Normal,ingenieria civil,educacion,virtual,10,2024-10-20,Tlacolula
44,Ujat,administracion de empresas,educacion,semi presencial,10,2024-09-11,Etla
45,Centro De Estudios,lic. en filosofia,ingenieria,semi presencial,8,2024-01-11,Ixtlan
46,Tecnologica Del Valle,ingenieria civil,salud,virtual,10,2024-11-19,Lachixio
47,Centro De Estudios,tec. en electronica,ingenieria,virtual,10,2024-10-03,Etla
48,Instituto Tecnologico,lic. en derecho,ciencias sociales,semi presencial,6,2024-07-15,Salina Cruz
49,Univers. Autonoma,lic. en educacion,derecho,virtual,6,2024-01-24,Pochutla
50,Instituto Tecnologico,diseño grafico,tecnologia,virtual,8,2024-10-18,Huajuapan
51,Tebacsso,tec en mecanica,economia,presencial,10,2024-05-25,Huajuapan
52,Escuela Normal,lic. en filosofia,humanidades,virtual,8,2024-10-05,oaxaca capital
53,Ujat,lic. en educacion,ingenieria,presencial,8,2024-07-06,juarez
54,Tecnologica Del Valle,lic. en derecho,administracion,semi presencial,6,2024-06-26,Xoxocotlan
55,Ies Oaxaca,lic. en economia,humanidades,presencial,8,2024-10-23,Salina Cruz
56,Tebacsso,ingenieria en sistemas computacionales,salud,semi presencial,10,2024-01-13,Lachixio
57,Colegio De Bachilleres,lic. en turismo,ingenieria,presencial,6,2024-03-16,Xoxocotlan
58,Conalep,ingenieria electronica,ingenieria,semi presencial,6,2024-01-22,Ixtlan
59,Cecyte,ingenieria civil,humanidades,semi presencial,10,2024-04-25,Ixtlan
60,Centro De Estudios,lic. en filosofia,administracion,semi presencial,8,2024-11-16,Ixtlan
61,Conalep,lic. en derecho,derecho,semi presencial,8,2024-06-22,Salina Cruz
62,Ies Oaxaca,tec. en informatica,tecnologia,semi presencial,6,2024-09-20,Pochutla
63,Tecnologica Del Valle,lic. en turismo,educacion,presencial,10,2024-10-24,Huajuapan
64,Tebacsso,lic. en turismo,ingenieria,presencial,8,2024-06-11,Tlacolula
65,Ies Oaxaca,tec en mecanica,educacion,presencial,6,2024-01-04,Salina Cruz
66,Instituto Tecnologico,lic. en turismo,tecnologia,presencial,8,2024-10-24,Tlacolula
67,Tebacsso,ingenieria electronica,tecnologia,presencial,10,2024-02-26,Xoxocotlan
68,Colegio De Bachilleres,tec en mecanica,ciencias sociales,semi presencial,6,2024-08-24,Ixtlan
69,Centro De Estudios,lic. en educacion,administracion,presencial,10,2024-03-18,Ixtlan
70,Tecnologica Del Valle,lic. en derecho,tecnologia,semi presencial,10,2024-07-20,Xoxocotlan
71,Cecyte,lic. en psicologia,ciencias sociales,semi presencial,6,2024-08-13,Lachixio
72,Colegio De Bachilleres,lic. en filosofia,administracion,virtual,10,2024-10-23,Xoxocotlan
73,Instituto Tecnologico,lic. en filosofia,artes,virtual,6,2024-02-16,Ixtlan
74,Colegio De Bachilleres,ingenieria civil,tecnologia,presencial,8,2024-09-02,Lachixio
75,Uabjo,ingenieria en sistemas computacionales,derecho,presencial,8,2024-04-10,oaxaca capital
76,Conalep,lic. en derecho,ciencias sociales,presencial,8,2024-05-15,Ixtlan
77,Colegio De Bachilleres,administracion de empresas,economia,semi presencial,8,2024-01-20,Pochutla
78,Tecnologica Del Valle,lic. en turismo,educacion,presencial,6,2024-01-12,Etla
79,Ujat,administracion de empresas,ingenieria,presencial,6,2024-10-29,Lachixio
80,Instituto Tecnologico,lic. en comunicacion,derecho,virtual,8,2024-02-29,Huajuapan
81,Cecyte,lic en enfermeria,ingenieria,semi presencial,6,2024-05-03,oaxaca capital
82,Uabjo,ingenieria en sistemas computacionales,economia,semi presencial,10,2024-08-14,Salina Cruz
83,Colegio De Bachilleres,diseño grafico,artes,virtual,6,2024-08-28,Xoxocotlan
84,Escuela Normal,lic. en comunicacion,artes,virtual,8,2024-08-27,Etla
85,Escuela Normal,tec. en electronica,salud,semi presencial,10,2024-07-26,Tlacolula
86,Tebacsso,lic. en psicologia,humanidades,presencial,6,2024-04-22,Xoxocotlan
87,Escuela Normal,lic en enfermeria,educacion,virtual,10,2024-01-20,Tlacolula
88,Univers. Autonoma,tec. en electronica,administracion,semi presencial,8,2024-06-01,Huajuapan
89,Ies Oaxaca,lic. en economia,salud,virtual,6,2024-04-25,Ixtlan
90,Ujat,tec. en electronica,economia,presencial,8,2024-05-11,Pochutla
91,Conalep,lic. en economia,salud,presencial,10,2024-12-04,juarez
92,Univers. Autonoma,ingenieria civil,economia,presencial,10,2024-12-07,Lachixio
93,Centro De Estudios,administracion de empresas,salud,virtual,10,2024-11-18,juarez
94,Instituto Tecnologico,ingenieria en sistemas computacionales,humanidades,presencial,6,2024-06-26,Lachixio
95,Conalep,ingenieria civil,ciencias sociales,virtual,6,2024-09-26,oaxaca capital
96,Instituto Tecnologico,tec. en informatica,tecnologia,presencial,8,2024-06-23,Xoxocotlan
97,Tecnologica Del Valle,lic. en comunicacion,ingenieria,presencial,6,2024-02-03,Ixtlan
98,Escuela Normal,lic. en biologia,humanidades,semi presencial,6,2024-07-31,Lachixio
99,Ujat,lic. en derecho,tecnologia,presencial,6,2024-02-27,Etla
100,Ies Oaxaca,ingenieria en sistemas computacionales,salud,semi presencial,8,2024-12-19,Salina Cruz
101,Uabjo,contabilidad,economia,semi presencial,6,2024-12-05,oaxaca capital
102,Instituto Superior,tec. en electronica,educacion,semi presencial,6,2024-12-29,Tlacolula
103,Univers. Autonoma,administracion de empresas,salud,semi presencial,8,2024-01-24,Xoxocotlan
104,Tecnologica Del Valle,ingenieria en sistemas computacionales,economia,semi presencial,8,2024-09-10,Etla
105,Colegio De Bachilleres,lic. en economia,tecnologia,semi presencial,8,2024-09-25,Tlacolula
106,Escuela Normal,diseño grafico,ciencias sociales,presencial,8,2024-06-27,Ixtlan
107,Ies Oaxaca,lic. en educacion,ciencias sociales,virtual,6,2024-01-02,oaxaca capital
108,Cecyte,tec en mecanica,artes,semi presencial,6,2024-01-21,Huajuapan
109,Conalep,tec en mecanica,ciencias sociales,virtual,8,2024-07-08,Salina Cruz
110,Tebacsso,tec. en electronica,administracion,presencial,8,2024-08-29,Etla
111,Escuela Normal,lic. en biologia,salud,presencial,8,2024-03-13,Ixtlan
112,Univers. Autonoma,ingenieria electronica,administracion,semi presencial,6,2024-04-23,Xoxocotlan
113,Univers. Autonoma,tec. en electronica,ingenieria,virtual,6,2024-12-24,Tlacolula
114,Uabjo,lic en enfermeria,salud,presencial,6,2024-01-12,Xoxocotlan
115,Tebacsso,lic. en biologia,humanidades,semi presencial,8,2024-07-22,Etla
116,Tecnologica Del Valle,tec. en electronica,tecnologia,virtual,8,2024-12-27,Tlacolula
117,Ies Oaxaca,lic. en turismo,economia,presencial,10,2024-09-17,Huajuapan
118,Cecyte,tec. en electronica,derecho,semi presencial,8,2024-02-25,Xoxocotlan
119,Cecyte,lic. en filosofia,educacion,virtual,6,2024-12-08,Xoxocotlan
120,Colegio De Bachilleres,tec en mecanica,administracion,virtual,8,2024-10-16,juarez
121,Univers. Autonoma,ingenieria civil,educacion,presencial,8,2024-07-11,oaxaca capital
122,Tebacsso,tec en mecanica,administracion,virtual,10,2024-12-10,Lachixio
123,Colegio De Bachilleres,ingenieria en sistemas computacionales,educacion,semi presencial,10,2024-07-17,Salina Cruz
124,Instituto Superior,lic. en filosofia,tecnologia,presencial,6,2024-11-07,Lachixio
125,Instituto Superior,lic. en economia,ingenieria,presencial,10,2024-07-03,Huajuapan
126,Conalep,lic. en biologia,ciencias sociales,presencial,6,2024-01-31,Lachixio
127,Centro De Estudios,lic. en economia,humanidades,virtual,10,2024-05-29,Xoxocotlan
128,Uabjo,lic. en comunicacion,administracion,virtual,8,2024-01-12,Xoxocotlan
129,Univers. Autonoma,lic en enfermeria,ciencias sociales,virtual,8,2024-07-01,Xoxocotlan
130,Cecyte,lic. en filosofia,educacion,semi presencial,6,2024-07-04,Ixtlan
131,Instituto Tecnologico,ingenieria en sistemas computacionales,educacion,semi presencial,10,2024-10-07,Pochutla
132,Tebacsso,contabilidad,derecho,presencial,10,2024-05-16,Lachixio
133,Uabjo,lic. en filosofia,ciencias sociales,presencial,8,2024-02-09,Etla
134,Ujat,lic. en filosofia,artes,presencial,10,2024-03-26,Pochutla
135,Tebacsso,tec. en electronica,tecnologia,semi presencial,6,2024-08-22,Huajuapan
136,Centro De Estudios,diseño grafico,derecho,semi presencial,6,2024-02-06,Salina Cruz
137,Tecnologica Del Valle,lic. en psicologia,artes,semi presencial,10,2024-10-30,Etla
138,Univers. Autonoma,lic. en educacion,administracion,virtual,8,2024-11-10,Tlacolula
139,Centro De Estudios,ingenieria electronica,educacion,presencial,6,2024-12-08,Pochutla
140,Uabjo,lic. en turismo,economia,presencial,6,2024-03-30,Xoxocotlan
141,Conalep,ingenieria electronica,salud,semi presencial,8,2024-12-12,oaxaca capital
142,Ujat,lic. en derecho,artes,semi presencial,10,2024-11-11,Etla
143,Centro De Estudios,lic. en derecho,salud,semi presencial,6,2024-02-27,Huajuapan
144,Uabjo,lic. en filosofia,salud,virtual,8,2024-05-11,Huajuapan
145,Ies Oaxaca,lic. en educacion,educacion,presencial,8,2024-03-27,Xoxocotlan
146,Cecyte,lic. en derecho,derecho,virtual,8,2024-10-18,Tlacolula
147,Uabjo,tec en mecanica,administracion,virtual,8,2024-02-05,Tlacolula
148,Cecyte,lic. en psicologia,economia,presencial,8,2024-04-28,Tlacolula
149,Tebacsso,lic. en derecho,ingenieria,semi presencial,6,2024-02-04,juarez
150,Cecyte,tec en mecanica,ingenieria,semi presencial,10,2024-02-05,Etla
151,Instituto Superior,lic. en filosofia,salud,virtual,6,2024-05-06,Lachixio
152,Univers. Autonoma,lic. en economia,artes,virtual,6,2024-08-01,Huajuapan
153,Escuela Normal,ingenieria en sistemas computacionales,humanidades,virtual,10,2024-06-24,Tlacolula
154,Tecnologica Del Valle,tec. en electronica,salud,semi presencial,8,2024-05-30,Etla
155,Cecyte,lic. en filosofia,ingenieria,semi presencial,6,2024-06-06,Tlacolula
156,Colegio De Bachilleres,lic. en educacion,ciencias sociales,virtual,10,2024-08-17,juarez
157,Univers. Autonoma,lic. en biologia,derecho,presencial,6,2024-10-30,Tlacolula
158,Ujat,ingenieria electronica,ingenieria,presencial,10,2024-12-29,Xoxocotlan
159,Tebacsso,ingenieria en sistemas computacionales,tecnologia,virtual,8,2024-11-25,Salina Cruz
160,Instituto Tecnologico,administracion de empresas,humanidades,virtual,8,2024-07-28,Etla
161,Instituto Superior,lic. en filosofia,educacion,semi presencial,10,2024-09-12,oaxaca capital
162,Ies Oaxaca,lic. en filosofia,administracion,semi presencial,8,2024-08-20,Xoxocotlan
163,Centro De Estudios,contabilidad,ciencias sociales,semi presencial,6,2024-08-28,Lachixio
164,Conalep,lic. en derecho,artes,presencial,10,2024-05-12,juarez
165,Cecyte,tec. en informatica,artes,presencial,10,2024-10-21,Etla
166,Colegio De Bachilleres,lic. en turismo,artes,presencial,8,2024-10-06,juarez
167,Ies Oaxaca,administracion de empresas,derecho,virtual,8,2024-03-05,Salina Cruz
168,Ies Oaxaca,ingenieria civil,salud,semi presencial,6,2024-11-28,Ixtlan
169,Escuela Normal,ingenieria en sistemas computacionales,tecnologia,semi presencial,10,2024-06-16,Etla
170,Tecnologica Del Valle,lic. en biologia,economia,semi presencial,6,2024-12-16,Etla
171,Univers. Autonoma,lic. en biologia,tecnologia,presencial,10,2024-06-05,Xoxocotlan
172,Conalep,tec en mecanica,educacion,virtual,10,2024-01-26,Etla
173,Instituto Superior,administracion de empresas,derecho,semi presencial,10,2024-09-02,Pochutla
174,Conalep,contabilidad,ingenieria,virtual,10,2024-04-06,Pochutla
175,Instituto Tecnologico,lic en enfermeria,humanidades,semi presencial,6,2024-09-17,Etla
176,Conalep,lic. en comunicacion,ingenieria,semi presencial,10,2024-11-30,Etla
177,Uabjo,contabilidad,administracion,presencial,10,2024-05-11,Lachixio
178,Escuela Normal,tec. en informatica,administracion,virtual,8,2024-06-28,Xoxocotlan
179,Escuela Normal,tec. en electronica,ingenieria,semi presencial,8,2024-04-30,Lachixio
180,Tebacsso,tec. en informatica,administracion,virtual,10,2024-08-29,Lachixio
181,Uabjo,lic. en filosofia,educacion,presencial,10,2024-04-06,Xoxocotlan
182,Ujat,tec. en electronica,economia,semi presencial,6,2024-12-14,Huajuapan
183,Escuela Normal,tec. en electronica,economia,presencial,6,2024-04-29,Pochutla
184,Tebacsso,lic. en filosofia,derecho,semi presencial,6,2024-02-09,Huajuapan
185,Univers. Autonoma,contabilidad,administracion,presencial,6,2024-04-17,Salina Cruz
186,Cecyte,contabilidad,ciencias sociales,virtual,6,2024-10-20,Xoxocotlan
187,Centro De Estudios,lic. en economia,humanidades,virtual,6,2024-10-16,Pochutla
188,Instituto Tecnologico,ingenieria en sistemas computacionales,ingenieria,virtual,6,2024-07-02,Huajuapan
189,Escuela Normal,administracion de empresas,ciencias sociales,semi presencial,10,2024-03-24,Ixtlan
190,Tecnologica Del Valle,tec. en informatica,ciencias sociales,semi presencial,8,2024-01-15,Xoxocotlan
191,Univers. Autonoma,lic. en psicologia,ciencias sociales,semi presencial,8,2024-08-27,oaxaca capital
192,Ies Oaxaca,ingenieria civil,ingenieria,semi presencial,8,2024-05-30,Xoxocotlan
193,Tebacsso,lic. en biologia,educacion,semi presencial,10,2024-05-28,Huajuapan
194,Escuela Normal,administracion de empresas,artes,virtual,10,2024-03-20,juarez
195,Conalep,tec. en electronica,ciencias sociales,presencial,6,2024-08-26,Tlacolula
196,Ies Oaxaca,lic. en comunicacion,economia,presencial,6,2024-02-02,oaxaca capital
197,Ies Oaxaca,tec. en informatica,salud,presencial,6,2024-01-05,Etla
198,Univers. Autonoma,lic. en biologia,administracion,virtual,10,2024-06-30,Etla
199,Tecnologica Del Valle,lic. en economia,economia,virtual,10,2024-07-02,Salina Cruz
200,Conalep,ingenieria civil,salud,semi presencial,10,2024-07-24,Xoxocotlan
201,Conalep,lic en enfermeria,economia,semi presencial,8,2024-09-06,Huajuapan
202,Univers. Autonoma,lic. en economia,ciencias sociales,semi presencial,10,2024-05-16,Huajuapan
203,Ujat,administracion de empresas,ingenieria,semi presencial,8,2024-05-17,Huajuapan
204,Instituto Tecnologico,contabilidad,ciencias sociales,presencial,8,2024-03-31,juarez
205,Centro De Estudios,lic. en filosofia,educacion,semi presencial,8,2024-02-15,Xoxocotlan
206,Uabjo,lic. en comunicacion,tecnologia,virtual,10,2024-12-23,juarez
207,Cecyte,contabilidad,economia,presencial,8,2024-01-22,Huajuapan
208,Uabjo,tec. en electronica,educacion,semi presencial,10,2024-12-17,Tlacolula
209,Univers. Autonoma,lic. en comunicacion,administracion,virtual,10,2024-05-22,Ixtlan
210,Instituto Tecnologico,lic en enfermeria,derecho,semi presencial,8,2024-07-10,Salina Cruz
211,Uabjo,ingenieria civil,humanidades,virtual,8,2024-01-13,Lachixio
212,Ies Oaxaca,lic en enfermeria,tecnologia,presencial,8,2024-11-25,Salina Cruz
213,Centro De Estudios,lic. en comunicacion,artes,presencial,8,2024-05-08,Xoxocotlan
214,Cecyte,lic. en comunicacion,educacion,virtual,6,2024-11-27,Etla
215,Tecnologica Del Valle,lic. en turismo,derecho,virtual,10,2024-11-30,Etla
216,Uabjo,tec. en electronica,derecho,virtual,8,2024-02-27,Xoxocotlan
217,Conalep,contabilidad,ciencias sociales,semi presencial,8,2024-08-09,juarez
218,Instituto Superior,lic. en filosofia,salud,virtual,10,2024-03-20,Xoxocotlan
219,Instituto Tecnologico,lic. en derecho,administracion,semi presencial,6,2024-04-30,Tlacolula
220,Uabjo,lic. en comunicacion,ciencias sociales,semi presencial,6,2024-04-10,Lachixio
221,Tebacsso,ingenieria civil,salud,presencial,8,2024-02-21,Huajuapan
222,Uabjo,lic. en economia,humanidades,virtual,8,2024-08-20,Etla
223,Escuela Normal,ingenieria en sistemas computacionales,salud,semi presencial,10,2024-04-05,Ixtlan
224,Cecyte,administracion de empresas,administracion,presencial,8,2024-09-09,Pochutla
225,Centro De Estudios,lic. en turismo,salud,presencial,8,2024-07-13,oaxaca capital
226,Centro De Estudios,lic. en psicologia,derecho,presencial,10,2024-08-07,Salina Cruz
227,Conalep,tec en mecanica,economia,presencial,10,2024-12-01,Huajuapan
228,Conalep,contabilidad,ciencias sociales,presencial,10,2024-12-26,Etla
229,Ies Oaxaca,lic. en comunicacion,salud,presencial,8,2024-04-07,Tlacolula
230,Ies Oaxaca,tec en mecanica,ciencias sociales,presencial,6,2024-04-26,Salina Cruz
231,Ies Oaxaca,contabilidad,ciencias sociales,semi presencial,8,2024-04-23,Huajuapan
232,Tebacsso,diseño grafico,tecnologia,semi presencial,6,2024-04-23,Lachixio
233,Instituto Superior,lic. en educacion,ciencias sociales,virtual,10,2024-03-04,Etla
234,Tebacsso,lic. en turismo,ciencias sociales,presencial,10,2024-06-23,Pochutla
235,Univers. Autonoma,administracion de empresas,derecho,presencial,6,2024-10-18,Huajuapan
236,Cecyte,administracion de empresas,economia,virtual,6,2024-02-07,Salina Cruz
237,Uabjo,diseño grafico,tecnologia,semi presencial,6,2024-07-25,Huajuapan
238,Escuela Normal,ingenieria civil,tecnologia,virtual,6,2024-03-24,Ixtlan
239,Univers. Autonoma,diseño grafico,administracion,presencial,8,2024-04-12,juarez
240,Univers. Autonoma,ingenieria civil,artes,virtual,6,2024-06-04,oaxaca capital
241,Cecyte,lic. en psicologia,ciencias sociales,semi presencial,8,2024-06-03,Salina Cruz
242,Ies Oaxaca,diseño grafico,tecnologia,virtual,8,2024-05-01,juarez
243,Cecyte,tec. en informatica,ingenieria,semi presencial,10,2024-07-29,Lachixio
244,Instituto Tecnologico,lic en enfermeria,economia,semi presencial,6,2024-03-17,Ixtlan
245,Univers. Autonoma,tec en mecanica,derecho,presencial,6,2024-11-04,Tlacolula
246,Tebacsso,tec en mecanica,salud,virtual,6,2024-04-10,oaxaca capital
247,Uabjo,lic. en educacion,economia,virtual,8,2024-01-10,Ixtlan
248,Conalep,lic. en psicologia,educacion,semi presencial,8,2024-09-12,Xoxocotlan
249,Uabjo,lic. en turismo,educacion,semi presencial,10,2024-04-02,Tlacolula
250,Uabjo,diseño grafico,artes,virtual,10,2024-01-26,Tlacolula
251,Cecyte,tec en mecanica,artes,virtual,6,2024-04-04,Salina Cruz
252,Tecnologica Del Valle,ingenieria electronica,educacion,presencial,6,2024-04-07,oaxaca capital
253,Univers. Autonoma,lic. en economia,ciencias sociales,semi presencial,8,2024-06-10,juarez
254,Ujat,ingenieria en sistemas computacionales,educacion,virtual,10,2024-04-24,Etla
255,Instituto Superior,lic. en biologia,derecho,semi presencial,6,2024-11-14,Ixtlan
256,Tebacsso,tec en mecanica,educacion,virtual,10,2024-12-16,Pochutla
257,Escuela Normal,diseño grafico,salud,presencial,10,2024-11-01,Pochutla
258,Centro De Estudios,lic. en filosofia,educacion,semi presencial,10,2024-02-08,Salina Cruz
259,Uabjo,ingenieria civil,administracion,virtual,6,2024-01-28,Etla
260,Conalep,lic. en biologia,educacion,presencial,10,2024-08-12,Etla
261,Cecyte,lic. en turismo,administracion,virtual,10,2024-05-18,Ixtlan
262,Escuela Normal,tec. en informatica,tecnologia,presencial,10,2024-05-16,Pochutla
263,Colegio De Bachilleres,lic. en derecho,tecnologia,presencial,8,2024-08-23,Huajuapan
264,Centro De Estudios,tec. en electronica,humanidades,virtual,6,2024-11-09,Tlacolula
265,Tebacsso,lic. en economia,humanidades,semi presencial,10,2024-11-30,Salina Cruz
266,Tebacsso,lic. en psicologia,salud,semi presencial,8,2024-01-24,Salina Cruz
267,Instituto Tecnologico,lic. en economia,ingenieria,presencial,8,2024-06-14,Huajuapan
268,Tebacsso,lic. en psicologia,educacion,virtual,8,2024-09-21,Salina Cruz
269,Conalep,lic. en educacion,ciencias sociales,virtual,6,2024-01-30,Ixtlan
270,Univers. Autonoma,lic. en biologia,ingenieria,semi presencial,8,2024-08-02,Salina Cruz
271,Univers. Autonoma,diseño grafico,ciencias sociales,presencial,8,2024-01-23,oaxaca capital
272,Conalep,lic. en biologia,artes,semi presencial,10,2024-02-16,Salina Cruz
273,Ies Oaxaca,tec. en electronica,tecnologia,presencial,6,2024-01-11,juarez
274,Univers. Autonoma,lic. en turismo,economia,presencial,8,2024-08-31,Tlacolula
275,Escuela Normal,lic. en biologia,economia,semi presencial,8,2024-09-08,Huajuapan
276,Cecyte,tec. en electronica,administracion,virtual,10,2024-02-25,Salina Cruz
277,Ujat,tec en mecanica,artes,virtual,6,2024-04-18,Xoxocotlan
278,Conalep,lic. en comunicacion,administracion,presencial,6,2024-02-27,oaxaca capital
279,Tecnologica Del Valle,ingenieria civil,salud,presencial,10,2024-06-09,juarez
280,Escuela Normal,lic. en derecho,derecho,semi presencial,8,2024-08-12,Ixtlan
281,Ujat,lic. en educacion,tecnologia,presencial,6,2024-05-07,Ixtlan
282,Uabjo,diseño grafico,humanidades,semi presencial,6,2024-02-28,Tlacolula
283,Univers. Autonoma,lic en enfermeria,salud,virtual,10,2024-06-23,Ixtlan
284,Instituto Tecnologico,lic. en psicologia,administracion,virtual,8,2024-10-21,Lachixio
285,Ujat,lic en enfermeria,administracion,virtual,10,2024-08-12,Salina Cruz
286,Escuela Normal,contabilidad,tecnologia,semi presencial,8,2024-05-18,oaxaca capital
287,Escuela Normal,administracion de empresas,salud,virtual,10,2024-12-05,Salina Cruz
288,Instituto Tecnologico,ingenieria electronica,derecho,semi presencial,8,2024-06-30,Etla
289,Univers. Autonoma,administracion de empresas,administracion,virtual,10,2024-09-07,Ixtlan
290,Instituto Superior,tec. en informatica,salud,presencial,6,2024-01-23,Salina Cruz
291,Conalep,ingenieria civil,educacion,semi presencial,6,2024-04-24,Xoxocotlan
292,Tecnologica Del Valle,ingenieria en sistemas computacionales,economia,virtual,10,2024-08-14,Huajuapan
293,Tebacsso,lic. en comunicacion,tecnologia,presencial,6,2024-04-27,Xoxocotlan
294,Ies Oaxaca,lic. en derecho,educacion,virtual,8,2024-06-24,Ixtlan
295,Colegio De Bachilleres,lic. en derecho,artes,virtual,8,2024-02-01,oaxaca capital
296,Uabjo,lic. en turismo,ciencias sociales,presencial,10,2024-06-07,Salina Cruz
297,Tebacsso,ingenieria civil,educacion,presencial,8,2024-11-02,juarez
298,Uabjo,tec en mecanica,humanidades,semi presencial,10,2024-10-27,Tlacolula
299,Colegio De Bachilleres,ingenieria electronica,ciencias sociales,semi presencial,10,2024-07-13,oaxaca capital
300,Escuela Normal,lic. en economia,ingenieria,virtual,10,2024-12-15,Pochutla
301,Tebacsso,ingenieria electronica,ingenieria,virtual,6,2024-05-19,Pochutla
302,Conalep,lic. en psicologia,ciencias sociales,semi presencial,8,2024-12-08,Pochutla
303,Centro De Estudios,lic. en economia,salud,virtual,10,2024-02-25,Pochutla
304,Cecyte,tec. en informatica,artes,semi presencial,6,2024-08-01,Etla
305,Centro De Estudios,lic. en comunicacion,humanidades,presencial,8,2024-06-17,Salina Cruz
306,Conalep,lic. en educacion,economia,presencial,8,2024-07-25,Lachixio
307,Instituto Tecnologico,lic. en biologia,tecnologia,virtual,10,2024-10-10,Ixtlan
308,Colegio De Bachilleres,lic. en derecho,derecho,virtual,10,2024-09-29,Salina Cruz
309,Centro De Estudios,ingenieria electronica,tecnologia,virtual,6,2024-05-24,Tlacolula
310,Escuela Normal,tec. en electronica,salud,presencial,10,2024-01-15,Huajuapan
311,Ujat,tec. en electronica,economia,semi presencial,6,2024-07-21,juarez
312,Tebacsso,tec en mecanica,ciencias sociales,semi presencial,6,2024-05-31,Ixtlan
313,Tebacsso,tec. en informatica,ingenieria,presencial,6,2024-11-04,Etla
314,Centro De Estudios,lic. en comunicacion,tecnologia,presencial,10,2024-09-23,Lachixio
315,Conalep,lic. en economia,ingenieria,virtual,8,2024-03-05,Ixtlan
316,Cecyte,lic. en comunicacion,salud,virtual,8,2024-09-23,juarez
317,Colegio De Bachilleres,contabilidad,administracion,virtual,8,2024-05-11,Salina Cruz
318,Tecnologica Del Valle,tec. en informatica,artes,virtual,8,2024-07-18,oaxaca capital
319,Tecnologica Del Valle,tec en mecanica,artes,virtual,8,2024-09-23,Salina Cruz
320,Tebacsso,contabilidad,derecho,virtual,8,2024-06-07,oaxaca capital
321,Univers. Autonoma,tec en mecanica,ciencias sociales,virtual,6,2024-03-03,Ixtlan
322,Cecyte,lic. en comunicacion,humanidades,virtual,8,2024-08-23,Huajuapan
323,Instituto Superior,contabilidad,humanidades,semi presencial,8,2024-10-25,Pochutla
324,Uabjo,diseño grafico,tecnologia,presencial,6,2024-02-02,Etla
325,Uabjo,lic. en economia,ciencias sociales,virtual,10,2024-10-12,oaxaca capital
326,Conalep,ingenieria en sistemas computacionales,tecnologia,presencial,6,2024-01-08,Tlacolula
327,Centro De Estudios,lic. en comunicacion,economia,presencial,6,2024-08-31,Pochutla
328,Uabjo,lic. en filosofia,salud,semi presencial,8,2024-08-22,Xoxocotlan
329,Ujat,administracion de empresas,ingenieria,presencial,8,2024-02-02,Xoxocotlan
330,Conalep,ingenieria civil,ingenieria,virtual,10,2024-07-18,Ixtlan
331,Ujat,lic. en economia,salud,virtual,10,2024-08-15,Ixtlan
332,Conalep,ingenieria civil,humanidades,virtual,10,2024-05-11,Salina Cruz
333,Colegio De Bachilleres,contabilidad,salud,semi presencial,6,2024-04-15,Salina Cruz
334,Cecyte,ingenieria civil,administracion,presencial,6,2024-02-15,Pochutla
335,Ujat,contabilidad,economia,semi presencial,8,2024-05-17,Ixtlan
336,Colegio De Bachilleres,lic. en filosofia,educacion,virtual,6,2024-02-20,oaxaca capital
337,Ies Oaxaca,lic. en biologia,ciencias sociales,presencial,8,2024-12-28,Huajuapan
338,Univers. Autonoma,tec. en electronica,economia,semi presencial,8,2024-03-26,Xoxocotlan
339,Ujat,administracion de empresas,artes,virtual,6,2024-03-18,Huajuapan
340,Instituto Superior,lic. en educacion,derecho,presencial,10,2024-12-10,Lachixio
341,Colegio De Bachilleres,diseño grafico,derecho,semi presencial,10,2024-04-29,Etla
342,Uabjo,tec en mecanica,ingenieria,semi presencial,10,2024-03-07,Tlacolula
343,Escuela Normal,lic. en psicologia,artes,virtual,8,2024-08-02,Ixtlan
344,Tebacsso,ingenieria electronica,economia,semi presencial,10,2024-12-28,Pochutla
345,Uabjo,diseño grafico,humanidades,semi presencial,6,2024-10-30,Etla
346,Escuela Normal,lic. en derecho,administracion,presencial,8,2024-05-10,Lachixio
347,Ujat,lic. en turismo,economia,virtual,6,2024-06-10,juarez
348,Tecnologica Del Valle,lic. en filosofia,salud,semi presencial,10,2024-10-12,Salina Cruz
349,Ujat,diseño grafico,administracion,virtual,10,2024-02-17,Ixtlan
350,Tecnologica Del Valle,ingenieria electronica,tecnologia,virtual,6,2024-10-04,oaxaca capital
351,Instituto Superior,administracion de empresas,economia,presencial,8,2024-07-29,oaxaca capital
352,Instituto Tecnologico,lic. en derecho,derecho,semi presencial,8,2024-07-31,Xoxocotlan
353,Instituto Superior,ingenieria en sistemas computacionales,artes,virtual,6,2024-08-07,oaxaca capital
354,Instituto Superior,lic. en filosofia,economia,virtual,10,2024-02-14,oaxaca capital
355,Ujat,lic. en economia,artes,semi presencial,10,2024-11-17,Lachixio
356,Cecyte,diseño grafico,artes,virtual,8,2024-05-05,Huajuapan
357,Univers. Autonoma,lic en enfermeria,ingenieria,semi presencial,8,2024-02-15,Salina Cruz
358,Tecnologica Del Valle,lic. en filosofia,educacion,presencial,8,2024-03-03,oaxaca capital
359,Centro De Estudios,lic. en derecho,derecho,semi presencial,6,2024-05-31,oaxaca capital
360,Escuela Normal,lic. en educacion,educacion,presencial,10,2024-02-12,Huajuapan
361,Escuela Normal,diseño grafico,ingenieria,presencial,10,2024-09-13,Huajuapan
362,Instituto Superior,tec. en electronica,ciencias sociales,virtual,6,2024-02-26,Etla
363,Conalep,lic en enfermeria,ciencias sociales,presencial,6,2024-06-10,Etla
364,Ujat,tec. en informatica,ciencias sociales,semi presencial,10,2024-12-18,Ixtlan
365,Instituto Superior,administracion de empresas,economia,presencial,10,2024-08-23,Pochutla
366,Centro De Estudios,lic. en turismo,economia,presencial,8,2024-05-09,Ixtlan
367,Instituto Superior,tec en mecanica,derecho,virtual,10,2024-05-11,oaxaca capital
368,Centro De Estudios,ingenieria en sistemas computacionales,ciencias sociales,presencial,6,2024-08-20,Etla
369,Uabjo,ingenieria electronica,ciencias sociales,presencial,8,2024-03-22,Etla
370,Instituto Tecnologico,tec. en electronica,educacion,virtual,10,2024-11-30,Ixtlan
371,Cecyte,diseño grafico,artes,semi presencial,10,2024-07-24,Pochutla
372,Tebacsso,tec. en electronica,derecho,virtual,8,2024-08-28,Salina Cruz
373,Univers. Autonoma,tec en mecanica,tecnologia,virtual,6,2024-06-28,oaxaca capital
374,Colegio De Bachilleres,ingenieria electronica,derecho,semi presencial,8,2024-07-13,Etla
375,Uabjo,administracion de empresas,administracion,presencial,10,2024-11-07,Ixtlan
376,Instituto Superior,lic. en economia,humanidades,semi presencial,10,2024-10-26,oaxaca capital
377,Uabjo,lic. en economia,derecho,semi presencial,6,2024-06-20,juarez
378,Instituto Tecnologico,lic. en psicologia,derecho,presencial,10,2024-04-21,juarez
379,Escuela Normal,lic en enfermeria,administracion,presencial,10,2024-06-26,Etla
380,Tebacsso,contabilidad,humanidades,semi presencial,8,2024-06-01,Ixtlan
381,Escuela Normal,lic. en economia,artes,presencial,6,2024-10-11,Etla
382,Tecnologica Del Valle,tec en mecanica,humanidades,presencial,8,2024-03-27,Ixtlan
383,Uabjo,lic. en comunicacion,artes,semi presencial,10,2024-07-29,juarez
384,Univers. Autonoma,tec. en electronica,humanidades,virtual,6,2024-08-11,Etla
385,Ujat,lic. en derecho,educacion,presencial,8,2024-01-01,Tlacolula
386,Tecnologica Del Valle,contabilidad,ingenieria,presencial,10,2024-05-20,Tlacolula
387,Univers. Autonoma,lic. en comunicacion,ciencias sociales,presencial,10,2024-08-08,oaxaca capital
388,Instituto Tecnologico,tec. en electronica,artes,semi presencial,8,2024-06-15,Lachixio
389,Cecyte,ingenieria en sistemas computacionales,ciencias sociales,virtual,6,2024-11-29,juarez
390,Ujat,lic. en psicologia,derecho,virtual,10,2024-07-01,Etla
391,Ies Oaxaca,tec. en informatica,economia,semi presencial,6,2024-05-12,Ixtlan
392,Tecnologica Del Valle,ingenieria en sistemas computacionales,educacion,virtual,6,2024-07-11,Pochutla
393,Centro De Estudios,lic. en psicologia,tecnologia,virtual,10,2024-03-18,Pochutla
394,Centro De Estudios,lic. en economia,economia,semi presencial,6,2024-04-26,Pochutla
395,Tebacsso,lic. en biologia,tecnologia,semi presencial,8,2024-12-03,Etla
396,Conalep,lic. en filosofia,ciencias sociales,virtual,6,2024-03-21,Xoxocotlan
397,Escuela Normal,lic. en biologia,economia,semi presencial,6,2024-09-05,Etla
398,Tecnologica Del Valle,ingenieria en sistemas computacionales,artes,presencial,10,2024-01-29,juarez
399,Ujat,lic. en economia,administracion,semi presencial,8,2024-10-13,Huajuapan
400,Cecyte,lic en enfermeria,administracion,presencial,8,2024-03-30,Salina Cruz
401,Instituto Tecnologico,lic. en educacion,humanidades,presencial,10,2024-02-14,Salina Cruz
402,Instituto Tecnologico,lic. en filosofia,salud,semi presencial,10,2024-05-12,Etla
403,Escuela Normal,lic. en derecho,tecnologia,virtual,10,2024-02-25,Pochutla
404,Tebacsso,lic. en educacion,educacion,presencial,8,2024-05-03,Ixtlan
405,Instituto Tecnologico,lic. en educacion,economia,semi presencial,8,2024-01-20,Tlacolula
406,Ujat,tec. en electronica,humanidades,semi presencial,6,2024-05-20,Salina Cruz
407,Centro De Estudios,tec. en electronica,ingenieria,presencial,10,2024-01-05,Etla
408,Escuela Normal,lic. en turismo,derecho,semi presencial,10,2024-01-17,Xoxocotlan
409,Tebacsso,lic. en educacion,salud,presencial,8,2024-06-28,oaxaca capital
410,Cecyte,tec. en electronica,artes,presencial,10,2024-12-01,Xoxocotlan
411,Ujat,ingenieria en sistemas computacionales,salud,semi presencial,10,2024-04-26,Pochutla
412,Ujat,lic. en economia,economia,virtual,6,2024-11-05,Pochutla
413,Tecnologica Del Valle,ingenieria en sistemas computacionales,administracion,virtual,6,2024-11-26,Tlacolula
414,Instituto Tecnologico,lic. en derecho,economia,semi presencial,10,2024-10-13,Tlacolula
415,Escuela Normal,lic. en filosofia,salud,semi presencial,6,2024-01-01,Huajuapan
416,Uabjo,contabilidad,salud,semi presencial,6,2024-04-09,Tlacolula
417,Ujat,lic. en turismo,educacion,semi presencial,10,2024-07-12,Huajuapan
418,Tebacsso,lic. en turismo,salud,virtual,6,2024-07-20,Tlacolula
419,Ujat,lic. en comunicacion,ingenieria,semi presencial,6,2024-02-01,juarez
420,Ies Oaxaca,tec en mecanica,humanidades,semi presencial,10,2024-04-07,Etla
421,Escuela Normal,tec. en electronica,ciencias sociales,presencial,10,2024-03-01,oaxaca capital
422,Cecyte,lic. en biologia,artes,semi presencial,6,2024-10-20,Ixtlan
423,Uabjo,contabilidad,humanidades,semi presencial,8,2024-02-11,Tlacolula
424,Instituto Tecnologico,lic en enfermeria,ciencias sociales,virtual,10,2024-10-29,Lachixio
425,Univers. Autonoma,lic. en filosofia,humanidades,presencial,10,2024-10-12,Huajuapan
426,Ujat,contabilidad,derecho,virtual,10,2024-08-20,juarez
427,Instituto Tecnologico,lic. en turismo,artes,virtual,6,2024-03-15,oaxaca capital
428,Univers. Autonoma,ingenieria civil,derecho,virtual,8,2024-07-12,Salina Cruz
429,Ies Oaxaca,ingenieria electronica,administracion,presencial,10,2024-03-02,oaxaca capital
430,Ies Oaxaca,ingenieria electronica,ciencias sociales,virtual,6,2024-11-06,Etla
431,Centro De Estudios,tec en mecanica,tecnologia,presencial,8,2024-04-13,Salina Cruz
432,Ujat,administracion de empresas,salud,presencial,8,2024-01-08,Huajuapan
433,Conalep,administracion de empresas,derecho,semi presencial,10,2024-11-05,Ixtlan
434,Conalep,tec en mecanica,tecnologia,semi presencial,8,2024-03-22,Salina Cruz
435,Cecyte,ingenieria civil,administracion,presencial,10,2024-05-18,Pochutla
436,Cecyte,administracion de empresas,economia,virtual,6,2024-02-23,Tlacolula
437,Uabjo,lic. en educacion,humanidades,presencial,8,2024-04-07,Huajuapan
438,Cecyte,lic. en biologia,ciencias sociales,virtual,10,2024-06-04,Xoxocotlan
439,Tebacsso,ingenieria electronica,ingenieria,virtual,8,2024-11-18,Salina Cruz
440,Conalep,lic. en educacion,humanidades,virtual,8,2024-11-30,Xoxocotlan
441,Conalep,lic. en biologia,educacion,virtual,8,2024-05-12,Xoxocotlan
442,Instituto Tecnologico,ingenieria en sistemas computacionales,derecho,semi presencial,6,2024-02-11,Ixtlan
443,Tecnologica Del Valle,lic. en economia,humanidades,presencial,6,2024-12-02,Xoxocotlan
444,Tebacsso,ingenieria civil,ciencias sociales,semi presencial,6,2024-12-13,oaxaca capital
445,Cecyte,lic. en comunicacion,economia,semi presencial,8,2024-02-13,oaxaca capital
446,Univers. Autonoma,lic. en derecho,salud,semi presencial,6,2024-11-15,oaxaca capital
447,Conalep,lic. en biologia,administracion,semi presencial,6,2024-02-05,Xoxocotlan
448,Cecyte,lic. en turismo,administracion,presencial,6,2024-03-27,Lachixio
449,Centro De Estudios,lic. en educacion,ciencias sociales,semi presencial,8,2024-10-30,Huajuapan
450,Cecyte,contabilidad,economia,semi presencial,8,2024-05-02,juarez
451,Escuela Normal,lic. en filosofia,administracion,presencial,10,2024-04-16,Pochutla
452,Instituto Tecnologico,contabilidad,humanidades,semi presencial,10,2024-06-18,Lachixio
453,Univers. Autonoma,ingenieria en sistemas computacionales,salud,virtual,10,2024-01-04,Ixtlan
454,Colegio De Bachilleres,contabilidad,ingenieria,presencial,6,2024-10-02,Huajuapan
455,Centro De Estudios,diseño grafico,artes,presencial,6,2024-05-23,Xoxocotlan
456,Ies Oaxaca,ingenieria civil,tecnologia,presencial,6,2024-02-16,Etla
457,Tebacsso,tec en mecanica,derecho,presencial,8,2024-11-23,juarez
458,Escuela Normal,ingenieria civil,ingenieria,virtual,6,2024-07-22,Xoxocotlan
459,Instituto Superior,ingenieria electronica,humanidades,semi presencial,8,2024-09-08,Huajuapan
460,Escuela Normal,tec. en informatica,derecho,semi presencial,8,2024-07-18,Etla
461,Instituto Superior,ingenieria civil,educacion,presencial,10,2024-07-03,oaxaca capital
462,Ies Oaxaca,lic. en biologia,ingenieria,semi presencial,8,2024-09-13,juarez
463,Instituto Tecnologico,lic. en biologia,salud,presencial,6,2024-03-30,Salina Cruz
464,Escuela Normal,lic. en filosofia,ciencias sociales,semi presencial,6,2024-05-24,Huajuapan
465,Escuela Normal,ingenieria en sistemas computacionales,ingenieria,semi presencial,6,2024-10-10,Salina Cruz
466,Ujat,administracion de empresas,educacion,virtual,8,2024-09-17,oaxaca capital
467,Tebacsso,lic. en turismo,salud,semi presencial,6,2024-10-09,Tlacolula
468,Tebacsso,tec. en informatica,ingenieria,virtual,10,2024-05-13,Lachixio
469,Tebacsso,lic. en economia,ingenieria,presencial,6,2024-08-22,Pochutla
470,Tebacsso,lic en enfermeria,derecho,semi presencial,8,2024-05-19,Tlacolula
471,Ujat,lic. en biologia,economia,semi presencial,6,2024-02-05,Etla
472,Instituto Tecnologico,lic. en turismo,ciencias sociales,virtual,6,2024-01-16,oaxaca capital
473,Uabjo,lic. en filosofia,economia,virtual,10,2024-07-14,Salina Cruz
474,Ujat,ingenieria en sistemas computacionales,administracion,semi presencial,6,2024-12-18,Salina Cruz
475,Centro De Estudios,tec en mecanica,humanidades,semi presencial,8,2024-01-18,oaxaca capital
476,Ies Oaxaca,tec en mecanica,administracion,virtual,10,2024-03-06,Pochutla
477,Tebacsso,tec. en informatica,artes,semi presencial,10,2024-06-26,Pochutla
478,Tecnologica Del Valle,contabilidad,derecho,semi presencial,10,2024-06-04,juarez
479,Cecyte,lic. en biologia,derecho,semi presencial,6,2024-02-16,Huajuapan
480,Tebacsso,contabilidad,humanidades,presencial,8,2024-07-30,Tlacolula
481,Instituto Tecnologico,tec. en informatica,salud,virtual,8,2024-01-21,Pochutla
482,Instituto Superior,tec. en informatica,administracion,presencial,6,2024-03-03,juarez
483,Colegio De Bachilleres,lic. en psicologia,artes,presencial,10,2024-12-10,oaxaca capital
484,Escuela Normal,contabilidad,humanidades,presencial,6,2024-11-23,Huajuapan
485,Ies Oaxaca,diseño grafico,educacion,semi presencial,8,2024-07-12,Ixtlan
486,Tecnologica Del Valle,lic. en derecho,salud,virtual,10,2024-04-04,Tlacolula
487,Tebacsso,lic. en comunicacion,ciencias sociales,semi presencial,10,2024-06-04,juarez
488,Tebacsso,lic. en comunicacion,salud,semi presencial,8,2024-12-25,Tlacolula
489,Conalep,lic. en comunicacion,administracion,semi presencial,6,2024-01-20,Tlacolula
490,Ujat,lic. en derecho,ingenieria,virtual,10,2024-07-31,Xoxocotlan
491,Tecnologica Del Valle,tec. en informatica,tecnologia,presencial,10,2024-10-17,Etla
492,Instituto Tecnologico,lic. en economia,ingenieria,virtual,8,2024-12-16,Xoxocotlan
493,Ies Oaxaca,lic. en educacion,educacion,presencial,10,2024-10-28,juarez
494,Conalep,diseño grafico,ingenieria,semi presencial,8,2024-12-28,Etla
495,Centro De Estudios,tec. en informatica,ingenieria,presencial,10,2024-03-07,Salina Cruz
496,Tecnologica Del Valle,lic. en economia,ciencias sociales,presencial,6,2024-05-06,Etla
497,Ujat,lic. en educacion,artes,virtual,8,2024-09-02,Huajuapan
498,Uabjo,diseño grafico,derecho,presencial,8,2024-10-08,Xoxocotlan
499,Tebacsso,lic. en educacion,ciencias sociales,semi presencial,10,2024-03-26,juarez
500,Conalep,lic. en educacion,economia,virtual,10,2024-12-20,Salina Cruz
501,Escuela Normal,ingenieria en sistemas computacionales,artes,virtual,8,2024-05-19,Tlacolula
502,Centro De Estudios,ingenieria en sistemas computacionales,educacion,semi presencial,8,2024-05-05,Lachixio
503,Ies Oaxaca,ingenieria en sistemas computacionales,ingenieria,presencial,6,2024-02-06,Pochutla
504,Ujat,lic en enfermeria,humanidades,virtual,10,2024-05-29,Tlacolula
505,Escuela Normal,ingenieria en sistemas computacionales,humanidades,presencial,8,2024-01-06,Tlacolula
506,Instituto Tecnologico,lic en enfermeria,derecho,presencial,6,2024-12-14,Salina Cruz
507,Conalep,lic. en comunicacion,artes,virtual,6,2024-04-05,Pochutla
508,Tebacsso,lic. en economia,artes,virtual,10,2024-11-07,Lachixio
509,Cecyte,administracion de empresas,ingenieria,presencial,10,2024-01-18,Etla
510,Instituto Superior,lic en enfermeria,educacion,semi presencial,6,2024-05-17,Salina Cruz
511,Colegio De Bachilleres,lic. en economia,ingenieria,semi presencial,8,2024-04-15,Etla
512,Centro De Estudios,ingenieria electronica,educacion,semi presencial,10,2024-11-17,Etla
513,Instituto Tecnologico,lic. en psicologia,humanidades,virtual,8,2024-01-12,Tlacolula
514,Ies Oaxaca,lic. en psicologia,derecho,semi presencial,6,2024-03-11,Tlacolula
515,Cecyte,contabilidad,educacion,semi presencial,10,2024-08-26,Huajuapan
516,Uabjo,lic en enfermeria,educacion,semi presencial,6,2024-10-14,Pochutla
517,Instituto Superior,administracion de empresas,administracion,virtual,6,2024-06-03,oaxaca capital
518,Colegio De Bachilleres,lic. en filosofia,tecnologia,virtual,6,2024-08-30,oaxaca capital
519,Colegio De Bachilleres,administracion de empresas,educacion,virtual,6,2024-04-09,Huajuapan
520,Univers. Autonoma,ingenieria en sistemas computacionales,artes,presencial,6,2024-02-01,Xoxocotlan
521,Univers. Autonoma,ingenieria en sistemas computacionales,tecnologia,virtual,8,2024-10-29,Huajuapan
522,Escuela Normal,ingenieria en sistemas computacionales,administracion,virtual,6,2024-03-16,Etla
523,Instituto Tecnologico,lic. en biologia,salud,virtual,8,2024-01-11,Ixtlan
524,Instituto Superior,lic. en psicologia,educacion,presencial,10,2024-08-19,Pochutla
525,Centro De Estudios,lic. en turismo,ciencias sociales,virtual,6,2024-08-21,oaxaca capital
526,Colegio De Bachilleres,tec en mecanica,salud,virtual,8,2024-11-10,Tlacolula
527,Centro De Estudios,lic. en filosofia,tecnologia,semi presencial,6,2024-07-16,Lachixio
528,Conalep,lic en enfermeria,artes,presencial,10,2024-09-27,Lachixio
529,Colegio De Bachilleres,tec. en electronica,derecho,semi presencial,8,2024-11-02,oaxaca capital
530,Uabjo,tec. en electronica,derecho,presencial,10,2024-07-17,Pochutla
531,Colegio De Bachilleres,lic. en psicologia,ingenieria,semi presencial,6,2024-12-28,Lachixio
532,Instituto Superior,administracion de empresas,economia,semi presencial,6,2024-01-31,Etla
533,Ies Oaxaca,lic en enfermeria,economia,semi presencial,6,2024-05-15,Lachixio
534,Ujat,lic. en biologia,humanidades,semi presencial,10,2024-12-16,Etla
535,Tebacsso,lic. en educacion,economia,virtual,10,2024-11-19,oaxaca capital
536,Instituto Superior,lic. en derecho,administracion,presencial,6,2024-09-13,Xoxocotlan
537,Univers. Autonoma,ingenieria en sistemas computacionales,educacion,semi presencial,8,2024-02-17,oaxaca capital
538,Univers. Autonoma,ingenieria civil,ciencias sociales,presencial,10,2024-03-08,Pochutla
539,Ujat,tec en mecanica,ciencias sociales,presencial,8,2024-11-02,Tlacolula
540,Ujat,lic. en educacion,economia,semi presencial,6,2024-03-16,Tlacolula
541,Escuela Normal,ingenieria en sistemas computacionales,economia,presencial,10,2024-09-15,juarez
542,Uabjo,contabilidad,derecho,presencial,10,2024-03-20,juarez
543,Ies Oaxaca,lic. en filosofia,tecnologia,virtual,10,2024-02-23,Huajuapan
544,Escuela Normal,lic. en economia,tecnologia,presencial,6,2024-01-08,oaxaca capital
545,Colegio De Bachilleres,lic. en comunicacion,educacion,presencial,10,2024-11-18,Pochutla
546,Centro De Estudios,lic. en comunicacion,ingenieria,presencial,6,2024-04-15,oaxaca capital
547,Cecyte,lic en enfermeria,salud,semi presencial,6,2024-04-09,Tlacolula
548,Ies Oaxaca,lic. en biologia,administracion,virtual,6,2024-06-06,Huajuapan
549,Escuela Normal,lic. en turismo,tecnologia,presencial,10,2024-03-01,Lachixio
550,Tebacsso,administracion de empresas,administracion,semi presencial,8,2024-07-15,Lachixio
551,Instituto Superior,lic. en turismo,tecnologia,presencial,6,2024-04-23,Lachixio
552,Centro De Estudios,tec en mecanica,educacion,virtual,10,2024-09-04,Huajuapan
553,Ies Oaxaca,lic. en economia,educacion,semi presencial,8,2024-04-22,Pochutla
554,Tebacsso,lic. en derecho,artes,virtual,10,2024-12-12,Tlacolula
555,Ujat,lic. en filosofia,derecho,presencial,8,2024-03-09,Tlacolula
556,Colegio De Bachilleres,lic. en turismo,derecho,presencial,8,2024-11-28,Etla
557,Univers. Autonoma,lic. en biologia,derecho,virtual,10,2024-09-06,Lachixio
558,Univers. Autonoma,tec. en informatica,humanidades,presencial,10,2024-10-15,Ixtlan
559,Instituto Superior,lic. en psicologia,administracion,presencial,10,2024-10-08,Ixtlan
560,Uabjo,lic. en economia,economia,virtual,6,2024-07-10,Lachixio
561,Instituto Superior,lic. en economia,derecho,presencial,8,2024-02-29,Xoxocotlan
562,Cecyte,lic. en biologia,artes,semi presencial,8,2024-11-19,oaxaca capital
563,Univers. Autonoma,lic. en educacion,educacion,semi presencial,8,2024-04-15,Xoxocotlan
564,Cecyte,tec en mecanica,ciencias sociales,virtual,10,2024-08-09,Tlacolula
565,Escuela Normal,tec. en electronica,humanidades,presencial,6,2024-04-03,Huajuapan
566,Ujat,lic. en filosofia,artes,virtual,10,2024-08-17,Lachixio
567,Conalep,tec. en informatica,ciencias sociales,semi presencial,10,2024-06-01,oaxaca capital
568,Tecnologica Del Valle,tec. en electronica,educacion,presencial,6,2024-11-25,Salina Cruz
569,Tebacsso,lic. en educacion,economia,virtual,8,2024-04-26,Xoxocotlan
570,Uabjo,contabilidad,economia,presencial,8,2024-05-30,Pochutla
571,Ujat,tec. en informatica,ciencias sociales,presencial,10,2024-03-08,Salina Cruz
572,Colegio De Bachilleres,lic. en educacion,tecnologia,semi presencial,6,2024-09-02,oaxaca capital
573,Escuela Normal,administracion de empresas,ciencias sociales,virtual,8,2024-12-02,Etla
574,Tebacsso,lic. en comunicacion,economia,semi presencial,8,2024-08-11,Ixtlan
575,Tebacsso,diseño grafico,administracion,semi presencial,6,2024-06-24,Tlacolula
576,Ujat,ingenieria en sistemas computacionales,tecnologia,semi presencial,10,2024-01-21,Tlacolula
577,Conalep,lic. en derecho,derecho,semi presencial,10,2024-05-05,Tlacolula
578,Instituto Superior,contabilidad,salud,semi presencial,10,2024-05-04,Huajuapan
579,Conalep,lic. en comunicacion,humanidades,semi presencial,10,2024-03-29,Lachixio
580,Tecnologica Del Valle,ingenieria civil,derecho,presencial,8,2024-07-21,Tlacolula
581,Escuela Normal,lic. en filosofia,artes,semi presencial,8,2024-07-17,juarez
582,Uabjo,tec en mecanica,ingenieria,virtual,6,2024-06-25,Tlacolula
583,Ies Oaxaca,lic. en comunicacion,artes,virtual,6,2024-07-11,juarez
584,Cecyte,administracion de empresas,economia,virtual,8,2024-05-03,Ixtlan
585,Colegio De Bachilleres,ingenieria electronica,ingenieria,virtual,8,2024-02-12,Salina Cruz
586,Instituto Tecnologico,lic. en educacion,ingenieria,presencial,10,2024-07-30,Huajuapan
587,Ujat,lic. en psicologia,educacion,presencial,10,2024-01-23,oaxaca capital
588,Tebacsso,lic. en educacion,ciencias sociales,virtual,10,2024-06-18,Tlacolula
589,Univers. Autonoma,lic. en derecho,ingenieria,semi presencial,8,2024-03-19,Ixtlan
590,Tebacsso,lic. en turismo,salud,presencial,10,2024-06-11,Pochutla
591,Conalep,ingenieria electronica,salud,presencial,10,2024-06-12,Ixtlan
592,Instituto Superior,ingenieria civil,derecho,presencial,10,2024-07-18,Pochutla
593,Centro De Estudios,tec. en electronica,artes,virtual,10,2024-07-02,Ixtlan
594,Ujat,tec en mecanica,tecnologia,presencial,10,2024-04-29,Xoxocotlan
595,Ujat,lic. en educacion,derecho,semi presencial,6,2024-01-23,Ixtlan
596,Escuela Normal,lic. en turismo,salud,semi presencial,10,2024-07-24,juarez
597,Tebacsso,ingenieria en sistemas computacionales,economia,virtual,8,2024-07-10,Xoxocotlan
598,Instituto Superior,ingenieria civil,ciencias sociales,presencial,8,2024-12-04,Etla
599,Uabjo,lic. en economia,salud,presencial,10,2024-03-21,Pochutla
600,Univers. Autonoma,lic. en educacion,ciencias sociales,virtual,6,2024-12-09,Huajuapan
601,Centro De Estudios,tec. en electronica,ciencias sociales,virtual,6,2024-11-02,Ixtlan
602,Instituto Superior,ingenieria electronica,tecnologia,presencial,6,2024-04-17,Xoxocotlan
603,Ujat,diseño grafico,artes,virtual,8,2024-02-13,Salina Cruz
604,Ujat,contabilidad,artes,presencial,10,2024-10-03,Xoxocotlan
605,Tecnologica Del Valle,lic. en derecho,salud,presencial,6,2024-10-10,juarez
606,Univers. Autonoma,contabilidad,artes,virtual,6,2024-02-15,Salina Cruz
607,Ies Oaxaca,lic. en derecho,humanidades,virtual,6,2024-01-22,Etla
608,Univers. Autonoma,lic. en turismo,ingenieria,virtual,10,2024-04-20,Ixtlan
609,Centro De Estudios,ingenieria electronica,economia,virtual,10,2024-01-14,Xoxocotlan
610,Centro De Estudios,tec en mecanica,ingenieria,presencial,8,2024-10-24,Lachixio
611,Ujat,lic. en turismo,humanidades,virtual,8,2024-03-21,Salina Cruz
612,Tecnologica Del Valle,ingenieria civil,educacion,semi presencial,8,2024-05-21,Etla
613,Cecyte,lic. en economia,educacion,virtual,6,2024-05-12,oaxaca capital
614,Instituto Superior,lic. en comunicacion,educacion,semi presencial,6,2024-04-02,oaxaca capital
615,Univers. Autonoma,ingenieria civil,derecho,semi presencial,6,2024-05-01,Huajuapan
616,Cecyte,lic. en economia,humanidades,virtual,8,2024-09-24,oaxaca capital
617,Ies Oaxaca,ingenieria en sistemas computacionales,derecho,presencial,6,2024-04-06,Lachixio
618,Tebacsso,lic. en filosofia,humanidades,presencial,6,2024-09-21,Ixtlan
619,Uabjo,ingenieria en sistemas computacionales,ciencias sociales,semi presencial,10,2024-03-27,Huajuapan
620,Tecnologica Del Valle,contabilidad,economia,virtual,8,2024-11-02,Pochutla
621,Univers. Autonoma,lic. en filosofia,ingenieria,semi presencial,6,2024-08-23,Ixtlan
622,Ies Oaxaca,lic. en educacion,educacion,semi presencial,8,2024-11-18,Etla
623,Instituto Tecnologico,lic en enfermeria,ciencias sociales,virtual,10,2024-10-19,oaxaca capital
624,Tecnologica Del Valle,tec en mecanica,humanidades,semi presencial,8,2024-11-29,Lachixio
625,Tecnologica Del Valle,tec. en informatica,educacion,virtual,10,2024-11-28,Pochutla
626,Instituto Superior,tec. en informatica,ingenieria,virtual,8,2024-02-10,Xoxocotlan
627,Cecyte,diseño grafico,ingenieria,virtual,8,2024-09-15,Tlacolula
628,Cecyte,diseño grafico,artes,semi presencial,10,2024-11-24,Ixtlan
629,Colegio De Bachilleres,ingenieria electronica,ciencias sociales,presencial,8,2024-11-07,Lachixio
630,Cecyte,lic. en comunicacion,artes,semi presencial,10,2024-08-27,Tlacolula
631,Ujat,lic. en biologia,ciencias sociales,virtual,8,2024-08-07,Pochutla
632,Instituto Tecnologico,lic. en biologia,tecnologia,semi presencial,10,2024-10-10,Lachixio
633,Univers. Autonoma,lic. en educacion,artes,virtual,10,2024-11-06,Pochutla
634,Uabjo,tec. en electronica,humanidades,virtual,10,2024-02-13,juarez
635,Cecyte,ingenieria electronica,humanidades,presencial,6,2024-08-08,Ixtlan
636,Ies Oaxaca,ingenieria civil,salud,virtual,6,2024-03-28,Tlacolula
637,Ies Oaxaca,lic. en psicologia,derecho,semi presencial,8,2024-01-19,juarez
638,Tebacsso,diseño grafico,humanidades,semi presencial,6,2024-11-29,Ixtlan
639,Instituto Tecnologico,diseño grafico,economia,presencial,8,2024-11-10,juarez
640,Colegio De Bachilleres,contabilidad,artes,presencial,10,2024-11-28,Ixtlan
641,Cecyte,ingenieria electronica,derecho,presencial,6,2024-09-07,oaxaca capital
642,Escuela Normal,tec. en informatica,humanidades,virtual,10,2024-09-08,Xoxocotlan
643,Univers. Autonoma,lic. en turismo,derecho,semi presencial,6,2024-09-06,Tlacolula
644,Tecnologica Del Valle,ingenieria en sistemas computacionales,economia,semi presencial,6,2024-10-23,oaxaca capital
645,Ujat,lic. en economia,educacion,presencial,10,2024-05-08,Pochutla
646,Tebacsso,lic. en psicologia,ingenieria,presencial,10,2024-08-23,Tlacolula
647,Colegio De Bachilleres,administracion de empresas,economia,presencial,10,2024-10-30,Pochutla
648,Colegio De Bachilleres,administracion de empresas,economia,semi presencial,10,2024-05-05,Tlacolula
649,Instituto Tecnologico,tec en mecanica,salud,presencial,10,2024-10-08,Etla
650,Tecnologica Del Valle,ingenieria electronica,administracion,virtual,8,2024-07-07,Huajuapan
651,Uabjo,lic. en psicologia,artes,virtual,10,2024-03-15,oaxaca capital
652,Instituto Tecnologico,lic. en filosofia,humanidades,semi presencial,6,2024-01-23,Huajuapan
653,Instituto Superior,lic. en turismo,derecho,semi presencial,6,2024-06-28,Huajuapan
654,Ies Oaxaca,lic. en psicologia,salud,presencial,10,2024-09-01,Ixtlan
655,Instituto Superior,lic. en filosofia,artes,presencial,10,2024-04-05,Ixtlan
656,Colegio De Bachilleres,lic. en educacion,humanidades,presencial,8,2024-08-07,Tlacolula
657,Centro De Estudios,lic. en educacion,administracion,semi presencial,8,2024-08-31,Etla
658,Escuela Normal,lic. en economia,economia,presencial,10,2024-04-03,Lachixio
659,Conalep,lic. en economia,artes,presencial,6,2024-02-03,Lachixio
660,Univers. Autonoma,lic. en educacion,humanidades,presencial,8,2024-12-14,Xoxocotlan
661,Instituto Tecnologico,lic. en derecho,derecho,semi presencial,6,2024-05-07,Etla
662,Instituto Superior,lic. en comunicacion,salud,presencial,10,2024-07-25,Xoxocotlan
663,Instituto Superior,tec en mecanica,ciencias sociales,virtual,8,2024-09-13,oaxaca capital
664,Centro De Estudios,lic. en educacion,economia,semi presencial,8,2024-04-03,Ixtlan
665,Tecnologica Del Valle,lic. en biologia,administracion,virtual,8,2024-02-28,Xoxocotlan
666,Cecyte,administracion de empresas,ingenieria,semi presencial,8,2024-02-26,Xoxocotlan
667,Tebacsso,administracion de empresas,tecnologia,presencial,6,2024-02-17,Huajuapan
668,Tebacsso,lic. en biologia,humanidades,virtual,8,2024-09-26,oaxaca capital
669,Cecyte,lic. en comunicacion,ciencias sociales,semi presencial,6,2024-03-02,Tlacolula
670,Escuela Normal,administracion de empresas,derecho,semi presencial,8,2024-09-11,Pochutla
671,Escuela Normal,lic. en derecho,artes,semi presencial,6,2024-09-14,Salina Cruz
672,Instituto Tecnologico,lic. en biologia,salud,presencial,10,2024-10-01,juarez
673,Tebacsso,lic. en biologia,ingenieria,semi presencial,10,2024-10-31,Lachixio
674,Instituto Superior,administracion de empresas,ingenieria,virtual,6,2024-06-26,oaxaca capital
675,Uabjo,diseño grafico,derecho,semi presencial,8,2024-07-29,juarez
676,Conalep,administracion de empresas,tecnologia,semi presencial,6,2024-11-19,Huajuapan
677,Instituto Superior,contabilidad,humanidades,semi presencial,6,2024-12-16,juarez
678,Conalep,lic. en filosofia,economia,presencial,8,2024-06-30,Etla
679,Tecnologica Del Valle,lic. en turismo,humanidades,semi presencial,10,2024-01-07,Tlacolula
680,Tecnologica Del Valle,lic. en psicologia,derecho,semi presencial,6,2024-07-18,Salina Cruz
681,Colegio De Bachilleres,diseño grafico,humanidades,presencial,10,2024-01-12,Pochutla
682,Univers. Autonoma,lic en enfermeria,educacion,virtual,6,2024-08-12,Lachixio
683,Uabjo,contabilidad,derecho,semi presencial,8,2024-04-23,Xoxocotlan
684,Ujat,tec en mecanica,humanidades,presencial,10,2024-10-04,Huajuapan
685,Uabjo,diseño grafico,humanidades,semi presencial,10,2024-01-20,Salina Cruz
686,Cecyte,tec. en informatica,artes,semi presencial,8,2024-09-09,oaxaca capital
687,Cecyte,lic. en filosofia,ciencias sociales,semi presencial,10,2024-07-02,juarez
688,Tecnologica Del Valle,tec en mecanica,tecnologia,virtual,6,2024-06-04,Etla
689,Tebacsso,ingenieria civil,tecnologia,presencial,10,2024-12-05,oaxaca capital
690,Tebacsso,tec en mecanica,ingenieria,presencial,10,2024-03-22,juarez
691,Instituto Superior,lic. en educacion,derecho,virtual,8,2024-08-08,Ixtlan
692,Colegio De Bachilleres,lic. en derecho,educacion,virtual,8,2024-02-17,Etla
693,Ies Oaxaca,lic. en biologia,economia,presencial,8,2024-07-23,juarez
694,Tecnologica Del Valle,lic. en filosofia,salud,presencial,10,2024-10-02,Etla
695,Centro De Estudios,tec. en informatica,administracion,semi presencial,6,2024-09-03,Pochutla
696,Conalep,tec. en informatica,educacion,presencial,8,2024-06-08,Pochutla
697,Uabjo,diseño grafico,tecnologia,semi presencial,6,2024-11-13,juarez
698,Instituto Tecnologico,lic en enfermeria,ingenieria,semi presencial,8,2024-11-14,oaxaca capital
699,Instituto Tecnologico,lic. en biologia,humanidades,virtual,8,2024-11-08,Huajuapan
700,Cecyte,lic. en educacion,ciencias sociales,virtual,6,2024-04-27,Xoxocotlan
701,Cecyte,lic en enfermeria,educacion,presencial,8,2024-09-25,Ixtlan
702,Conalep,lic. en psicologia,humanidades,presencial,6,2024-06-03,Etla
703,Conalep,lic. en turismo,educacion,semi presencial,8,2024-12-30,Huajuapan
704,Instituto Tecnologico,ingenieria en sistemas computacionales,salud,semi presencial,10,2024-06-29,Ixtlan
705,Uabjo,tec en mecanica,ingenieria,semi presencial,10,2024-09-09,Ixtlan
706,Ies Oaxaca,lic. en filosofia,salud,presencial,8,2024-05-19,Etla
707,Escuela Normal,lic en enfermeria,educacion,semi presencial,6,2024-07-22,Ixtlan
708,Centro De Estudios,ingenieria civil,tecnologia,semi presencial,6,2024-10-11,Xoxocotlan
709,Univers. Autonoma,lic. en filosofia,humanidades,presencial,8,2024-04-16,Huajuapan
710,Univers. Autonoma,ingenieria en sistemas computacionales,economia,presencial,10,2024-07-27,oaxaca capital
711,Conalep,lic. en derecho,tecnologia,presencial,8,2024-08-02,Tlacolula
712,Centro De Estudios,lic. en filosofia,derecho,virtual,8,2024-11-26,Etla
713,Instituto Superior,lic. en derecho,artes,presencial,8,2024-04-16,Pochutla
714,Ujat,lic. en biologia,tecnologia,semi presencial,10,2024-02-27,Huajuapan
715,Centro De Estudios,tec. en informatica,artes,semi presencial,10,2024-07-17,Pochutla
716,Tebacsso,lic en enfermeria,educacion,presencial,10,2024-07-17,juarez
717,Ies Oaxaca,lic. en psicologia,ingenieria,virtual,6,2024-08-16,Salina Cruz
718,Instituto Tecnologico,ingenieria electronica,ingenieria,presencial,8,2024-03-19,Salina Cruz
719,Ies Oaxaca,tec en mecanica,administracion,semi presencial,10,2024-07-30,Pochutla
720,Centro De Estudios,lic. en biologia,derecho,virtual,10,2024-04-30,Lachixio
721,Centro De Estudios,lic. en economia,salud,virtual,6,2024-08-23,Ixtlan
722,Ujat,ingenieria electronica,administracion,semi presencial,10,2024-06-11,Lachixio
723,Centro De Estudios,ingenieria civil,tecnologia,presencial,6,2024-01-12,Xoxocotlan
724,Uabjo,ingenieria civil,administracion,semi presencial,8,2024-01-28,Pochutla
725,Cecyte,tec. en electronica,economia,presencial,10,2024-03-02,Ixtlan
726,Instituto Superior,lic. en economia,administracion,semi presencial,8,2024-12-21,Salina Cruz
727,Uabjo,lic. en comunicacion,humanidades,virtual,6,2024-08-06,Etla
728,Instituto Tecnologico,lic. en educacion,derecho,semi presencial,8,2024-02-28,Tlacolula
729,Colegio De Bachilleres,lic en enfermeria,ciencias sociales,presencial,6,2024-12-20,juarez
730,Univers. Autonoma,lic. en comunicacion,tecnologia,virtual,8,2024-10-12,Xoxocotlan
731,Instituto Superior,tec en mecanica,ciencias sociales,semi presencial,8,2024-09-17,juarez
732,Conalep,lic. en turismo,administracion,virtual,6,2024-02-21,Salina Cruz
733,Ies Oaxaca,tec. en electronica,tecnologia,semi presencial,8,2024-08-29,Salina Cruz
734,Tebacsso,lic. en psicologia,tecnologia,presencial,10,2024-10-15,Xoxocotlan
735,Tecnologica Del Valle,administracion de empresas,salud,semi presencial,10,2024-11-09,Xoxocotlan
736,Instituto Superior,ingenieria en sistemas computacionales,ingenieria,presencial,10,2024-01-07,Etla
737,Conalep,lic en enfermeria,ingenieria,presencial,10,2024-07-02,Lachixio
738,Tecnologica Del Valle,ingenieria en sistemas computacionales,ciencias sociales,semi presencial,6,2024-03-31,Pochutla
739,Ujat,ingenieria en sistemas computacionales,tecnologia,presencial,10,2024-09-08,Lachixio
740,Uabjo,tec. en electronica,educacion,semi presencial,10,2024-03-30,Salina Cruz
741,Conalep,diseño grafico,economia,presencial,6,2024-02-11,Lachixio
742,Instituto Tecnologico,lic. en economia,humanidades,presencial,6,2024-05-06,Huajuapan
743,Escuela Normal,lic. en psicologia,derecho,presencial,8,2024-12-15,Salina Cruz
744,Tebacsso,tec en mecanica,economia,presencial,6,2024-09-03,Salina Cruz
745,Tecnologica Del Valle,tec en mecanica,derecho,virtual,6,2024-05-20,Salina Cruz
746,Tecnologica Del Valle,ingenieria civil,tecnologia,presencial,6,2024-06-18,Xoxocotlan
747,Instituto Superior,lic. en turismo,humanidades,virtual,10,2024-07-10,Etla
748,Centro De Estudios,lic en enfermeria,salud,virtual,10,2024-03-23,Xoxocotlan
749,Uabjo,lic. en psicologia,administracion,presencial,6,2024-06-19,Lachixio
750,Colegio De Bachilleres,lic. en comunicacion,derecho,semi presencial,6,2024-07-18,Huajuapan
751,Univers. Autonoma,ingenieria civil,salud,presencial,10,2024-01-14,oaxaca capital
752,Ies Oaxaca,lic. en turismo,artes,semi presencial,6,2024-12-30,Etla
753,Colegio De Bachilleres,tec. en informatica,ingenieria,presencial,8,2024-05-23,Huajuapan
754,Tebacsso,administracion de empresas,ingenieria,virtual,8,2024-01-14,Pochutla
755,Tebacsso,tec. en electronica,educacion,presencial,8,2024-09-12,Pochutla
756,Uabjo,ingenieria civil,derecho,semi presencial,6,2024-11-01,Pochutla
757,Cecyte,diseño grafico,salud,virtual,6,2024-06-08,Pochutla
758,Uabjo,ingenieria en sistemas computacionales,humanidades,presencial,6,2024-08-12,Pochutla
759,Escuela Normal,lic. en economia,administracion,virtual,10,2024-05-24,juarez
760,Colegio De Bachilleres,lic. en economia,economia,semi presencial,10,2024-01-12,Huajuapan
761,Tecnologica Del Valle,ingenieria electronica,salud,virtual,6,2024-09-11,Tlacolula
762,Escuela Normal,ingenieria electronica,ingenieria,presencial,8,2024-03-17,Xoxocotlan
763,Centro De Estudios,tec en mecanica,ciencias sociales,presencial,8,2024-07-10,Xoxocotlan
764,Conalep,administracion de empresas,ciencias sociales,virtual,8,2024-07-20,juarez
765,Instituto Superior,lic. en filosofia,economia,presencial,6,2024-06-15,juarez
766,Ujat,lic. en educacion,humanidades,presencial,8,2024-03-05,Salina Cruz
767,Cecyte,contabilidad,derecho,presencial,6,2024-02-22,Lachixio
768,Tecnologica Del Valle,lic. en biologia,humanidades,virtual,6,2024-01-18,Etla
769,Conalep,lic. en comunicacion,educacion,presencial,6,2024-07-17,Etla
770,Tebacsso,lic. en economia,tecnologia,presencial,8,2024-12-23,Huajuapan
771,Tebacsso,contabilidad,economia,semi presencial,6,2024-08-22,Ixtlan
772,Centro De Estudios,administracion de empresas,humanidades,semi presencial,6,2024-11-14,juarez
773,Escuela Normal,ingenieria en sistemas computacionales,educacion,virtual,8,2024-04-20,Ixtlan
774,Uabjo,tec. en electronica,artes,semi presencial,8,2024-03-14,Tlacolula
775,Instituto Tecnologico,tec. en electronica,ciencias sociales,semi presencial,8,2024-06-16,Pochutla
776,Instituto Superior,lic. en educacion,ciencias sociales,presencial,8,2024-10-19,Pochutla
777,Univers. Autonoma,lic en enfermeria,ingenieria,presencial,10,2024-08-22,Ixtlan
778,Instituto Tecnologico,lic. en psicologia,humanidades,virtual,6,2024-04-25,Huajuapan
779,Conalep,diseño grafico,administracion,semi presencial,6,2024-09-18,Tlacolula
780,Instituto Superior,lic. en derecho,salud,virtual,6,2024-03-19,Huajuapan
781,Instituto Superior,lic. en comunicacion,educacion,virtual,10,2024-09-15,oaxaca capital
782,Ies Oaxaca,lic. en turismo,artes,virtual,10,2024-10-04,Pochutla
783,Instituto Tecnologico,administracion de empresas,tecnologia,presencial,6,2024-03-20,oaxaca capital
784,Centro De Estudios,contabilidad,ingenieria,presencial,6,2024-06-17,Pochutla
785,Univers. Autonoma,lic. en comunicacion,educacion,semi presencial,8,2024-10-24,juarez
786,Escuela Normal,administracion de empresas,ciencias sociales,semi presencial,8,2024-01-05,Pochutla
787,Tecnologica Del Valle,lic. en economia,educacion,semi presencial,10,2024-12-05,Salina Cruz
788,Colegio De Bachilleres,ingenieria en sistemas computacionales,economia,presencial,6,2024-03-29,Pochutla
789,Instituto Tecnologico,tec. en informatica,derecho,presencial,6,2024-03-17,Lachixio
790,Univers. Autonoma,lic en enfermeria,tecnologia,semi presencial,10,2024-03-09,Salina Cruz
791,Ujat,tec. en electronica,humanidades,presencial,6,2024-08-31,Salina Cruz
792,Instituto Superior,administracion de empresas,educacion,semi presencial,8,2024-05-31,Xoxocotlan
793,Instituto Tecnologico,lic. en educacion,artes,semi presencial,6,2024-01-04,Pochutla
794,Conalep,administracion de empresas,administracion,virtual,6,2024-04-27,Salina Cruz
795,Cecyte,lic. en psicologia,salud,semi presencial,8,2024-01-11,oaxaca capital
796,Uabjo,lic. en educacion,ciencias sociales,presencial,10,2024-01-19,Ixtlan
797,Colegio De Bachilleres,lic. en economia,artes,presencial,6,2024-07-25,Huajuapan
798,Tebacsso,ingenieria electronica,educacion,semi presencial,6,2024-12-11,Pochutla
799,Centro De Estudios,tec en mecanica,administracion,virtual,8,2024-01-20,Huajuapan
800,Escuela Normal,lic. en turismo,educacion,presencial,10,2024-11-13,Pochutla
801,Univers. Autonoma,contabilidad,tecnologia,semi presencial,8,2024-12-13,Tlacolula
802,Conalep,lic. en derecho,educacion,virtual,10,2024-09-04,Etla
803,Uabjo,administracion de empresas,educacion,semi presencial,6,2024-04-23,Lachixio
804,Instituto Superior,lic. en educacion,economia,presencial,10,2024-02-28,Ixtlan
805,Uabjo,lic. en filosofia,educacion,virtual,10,2024-09-07,Etla
806,Instituto Superior,lic. en economia,humanidades,virtual,6,2024-09-09,Tlacolula
807,Instituto Superior,lic. en psicologia,economia,virtual,6,2024-05-23,juarez
808,Instituto Superior,lic. en psicologia,ingenieria,virtual,8,2024-09-17,Etla
809,Ies Oaxaca,lic. en psicologia,administracion,presencial,6,2024-11-27,juarez
810,Escuela Normal,lic. en turismo,ciencias sociales,semi presencial,10,2024-04-19,Lachixio
811,Cecyte,diseño grafico,tecnologia,semi presencial,8,2024-12-16,Etla
812,Centro De Estudios,ingenieria electronica,artes,semi presencial,10,2024-03-16,Tlacolula
813,Conalep,tec en mecanica,administracion,semi presencial,10,2024-09-23,Ixtlan
814,Ies Oaxaca,lic en enfermeria,ciencias sociales,virtual,10,2024-06-14,Lachixio
815,Instituto Superior,lic. en derecho,salud,presencial,8,2024-12-12,Huajuapan
816,Centro De Estudios,lic. en psicologia,salud,presencial,10,2024-06-04,Tlacolula
817,Instituto Tecnologico,contabilidad,tecnologia,presencial,8,2024-02-24,Lachixio
818,Ies Oaxaca,lic. en filosofia,tecnologia,presencial,8,2024-03-29,Salina Cruz
819,Tecnologica Del Valle,tec en mecanica,administracion,presencial,6,2024-08-06,Etla
820,Cecyte,tec en mecanica,humanidades,semi presencial,8,2024-10-02,Xoxocotlan
821,Tecnologica Del Valle,diseño grafico,ciencias sociales,semi presencial,6,2024-01-24,Tlacolula
822,Univers. Autonoma,ingenieria civil,salud,semi presencial,8,2024-09-11,Salina Cruz
823,Escuela Normal,lic. en derecho,humanidades,virtual,6,2024-11-08,Lachixio
824,Univers. Autonoma,contabilidad,tecnologia,virtual,10,2024-06-15,Pochutla
825,Instituto Tecnologico,lic. en economia,artes,virtual,10,2024-10-02,Xoxocotlan
826,Conalep,ingenieria civil,administracion,semi presencial,10,2024-06-14,Xoxocotlan
827,Instituto Superior,lic. en filosofia,humanidades,semi presencial,8,2024-04-28,Huajuapan
828,Conalep,ingenieria electronica,ingenieria,semi presencial,10,2024-02-13,Huajuapan
829,Instituto Tecnologico,contabilidad,educacion,virtual,8,2024-08-14,Salina Cruz
830,Instituto Tecnologico,ingenieria electronica,administracion,presencial,6,2024-07-14,Tlacolula
831,Univers. Autonoma,lic. en biologia,derecho,semi presencial,10,2024-05-15,Huajuapan
832,Univers. Autonoma,diseño grafico,administracion,presencial,10,2024-01-12,Ixtlan
833,Ies Oaxaca,diseño grafico,ingenieria,virtual,8,2024-08-03,juarez
834,Tebacsso,ingenieria civil,ingenieria,semi presencial,8,2024-12-16,Etla
835,Tecnologica Del Valle,ingenieria en sistemas computacionales,salud,virtual,6,2024-10-18,Salina Cruz
836,Ies Oaxaca,lic. en turismo,salud,presencial,10,2024-05-21,Pochutla
837,Tecnologica Del Valle,administracion de empresas,artes,virtual,8,2024-05-14,Huajuapan
838,Instituto Tecnologico,lic. en derecho,tecnologia,presencial,8,2024-09-11,oaxaca capital
839,Centro De Estudios,tec. en electronica,administracion,semi presencial,6,2024-06-06,Xoxocotlan
840,Ujat,lic. en psicologia,humanidades,virtual,8,2024-03-11,Etla
841,Conalep,lic. en derecho,economia,semi presencial,8,2024-11-10,oaxaca capital
842,Cecyte,contabilidad,derecho,semi presencial,10,2024-03-27,Tlacolula
843,Ies Oaxaca,lic. en filosofia,ciencias sociales,virtual,8,2024-12-16,juarez
844,Instituto Superior,lic. en comunicacion,economia,presencial,10,2024-04-07,oaxaca capital
845,Escuela Normal,ingenieria en sistemas computacionales,salud,presencial,6,2024-11-27,Ixtlan
846,Tecnologica Del Valle,tec. en informatica,tecnologia,virtual,8,2024-12-09,Ixtlan
847,Univers. Autonoma,lic. en turismo,derecho,presencial,10,2024-10-15,oaxaca capital
848,Colegio De Bachilleres,lic. en turismo,salud,presencial,8,2024-03-13,Salina Cruz
849,Ujat,ingenieria electronica,ingenieria,virtual,8,2024-06-14,oaxaca capital
850,Conalep,lic. en educacion,humanidades,semi presencial,8,2024-08-04,juarez
851,Instituto Tecnologico,lic. en psicologia,administracion,presencial,10,2024-01-07,Xoxocotlan
852,Instituto Superior,contabilidad,humanidades,semi presencial,10,2024-07-02,Pochutla
853,Escuela Normal,lic. en filosofia,tecnologia,presencial,10,2024-02-29,Ixtlan
854,Colegio De Bachilleres,ingenieria en sistemas computacionales,educacion,presencial,6,2024-08-21,Salina Cruz
855,Escuela Normal,administracion de empresas,ingenieria,semi presencial,10,2024-12-18,Etla
856,Instituto Superior,lic. en biologia,artes,semi presencial,6,2024-09-26,Ixtlan
857,Instituto Tecnologico,lic. en filosofia,economia,virtual,6,2024-12-10,Tlacolula
858,Tecnologica Del Valle,lic. en comunicacion,humanidades,virtual,6,2024-09-16,Etla
859,Conalep,tec en mecanica,economia,presencial,10,2024-11-04,Salina Cruz
860,Ujat,diseño grafico,economia,semi presencial,8,2024-12-24,juarez
861,Ies Oaxaca,diseño grafico,salud,virtual,10,2024-12-11,Xoxocotlan
862,Conalep,lic. en economia,derecho,virtual,8,2024-07-05,juarez
863,Colegio De Bachilleres,lic. en comunicacion,economia,presencial,8,2024-08-29,Etla
864,Cecyte,tec. en informatica,tecnologia,semi presencial,10,2024-07-07,oaxaca capital
865,Centro De Estudios,ingenieria civil,educacion,presencial,6,2024-09-26,Tlacolula
866,Univers. Autonoma,ingenieria electronica,educacion,semi presencial,10,2024-05-24,Tlacolula
867,Ies Oaxaca,tec. en informatica,humanidades,virtual,6,2024-01-14,Tlacolula
868,Colegio De Bachilleres,lic. en comunicacion,salud,virtual,6,2024-09-01,oaxaca capital
869,Tebacsso,ingenieria civil,artes,semi presencial,6,2024-06-28,juarez
870,Cecyte,diseño grafico,tecnologia,presencial,10,2024-08-15,oaxaca capital
871,Instituto Tecnologico,lic. en comunicacion,administracion,presencial,10,2024-12-12,Salina Cruz
872,Centro De Estudios,lic. en filosofia,ciencias sociales,virtual,8,2024-02-17,Etla
873,Centro De Estudios,lic. en derecho,administracion,virtual,8,2024-06-14,oaxaca capital
874,Cecyte,lic. en filosofia,salud,virtual,8,2024-01-27,Huajuapan
875,Ies Oaxaca,lic. en derecho,salud,virtual,8,2024-01-04,Xoxocotlan
876,Uabjo,tec. en electronica,humanidades,virtual,6,2024-08-02,Xoxocotlan
877,Cecyte,lic en enfermeria,administracion,presencial,8,2024-07-16,Lachixio
878,Tecnologica Del Valle,ingenieria electronica,economia,virtual,8,2024-08-08,Lachixio
879,Uabjo,diseño grafico,derecho,presencial,6,2024-08-26,Ixtlan
880,Tebacsso,contabilidad,humanidades,presencial,10,2024-05-25,oaxaca capital
881,Escuela Normal,contabilidad,tecnologia,presencial,8,2024-12-06,juarez
882,Univers. Autonoma,lic. en comunicacion,tecnologia,presencial,10,2024-08-14,Huajuapan
883,Tecnologica Del Valle,lic. en psicologia,administracion,virtual,6,2024-08-03,Huajuapan
884,Centro De Estudios,lic. en economia,ingenieria,semi presencial,10,2024-09-27,juarez
885,Cecyte,tec. en informatica,derecho,presencial,6,2024-04-10,Xoxocotlan
886,Centro De Estudios,ingenieria civil,derecho,semi presencial,10,2024-03-08,Lachixio
887,Escuela Normal,lic en enfermeria,salud,presencial,10,2024-04-30,Lachixio
888,Uabjo,lic. en filosofia,ingenieria,presencial,10,2024-10-17,Xoxocotlan
889,Instituto Superior,lic. en educacion,tecnologia,semi presencial,8,2024-11-26,Pochutla
890,Uabjo,diseño grafico,artes,semi presencial,6,2024-09-29,Huajuapan
891,Conalep,lic. en turismo,educacion,presencial,6,2024-08-13,Etla
892,Cecyte,tec en mecanica,tecnologia,virtual,8,2024-05-31,juarez
893,Tebacsso,lic. en filosofia,artes,virtual,10,2024-08-16,Ixtlan
894,Instituto Superior,diseño grafico,ingenieria,virtual,8,2024-11-22,oaxaca capital
895,Tebacsso,tec. en informatica,salud,presencial,8,2024-09-01,Xoxocotlan
896,Colegio De Bachilleres,ingenieria electronica,derecho,presencial,6,2024-06-05,Tlacolula
897,Escuela Normal,lic en enfermeria,administracion,presencial,6,2024-10-26,Ixtlan
898,Tebacsso,lic. en economia,salud,presencial,6,2024-06-05,oaxaca capital
899,Ies Oaxaca,lic. en derecho,ingenieria,virtual,8,2024-12-26,Lachixio
900,Centro De Estudios,ingenieria civil,administracion,semi presencial,8,2024-12-13,Xoxocotlan
901,Ujat,ingenieria civil,ciencias sociales,semi presencial,8,2024-03-17,Tlacolula
902,Ujat,ingenieria electronica,humanidades,presencial,8,2024-06-01,juarez
903,Instituto Superior,ingenieria en sistemas computacionales,administracion,presencial,8,2024-05-16,Tlacolula
904,Centro De Estudios,ingenieria civil,educacion,semi presencial,10,2024-03-08,oaxaca capital
905,Tebacsso,lic. en psicologia,tecnologia,presencial,10,2024-10-04,Pochutla
906,Cecyte,tec. en electronica,humanidades,semi presencial,6,2024-01-24,Ixtlan
907,Univers. Autonoma,lic. en biologia,ciencias sociales,virtual,8,2024-05-11,Lachixio
908,Univers. Autonoma,lic. en psicologia,derecho,virtual,10,2024-11-25,Xoxocotlan
909,Uabjo,ingenieria electronica,tecnologia,presencial,10,2024-01-16,Ixtlan
910,Cecyte,lic. en comunicacion,ingenieria,presencial,10,2024-01-14,Etla
911,Ujat,lic. en educacion,humanidades,semi presencial,6,2024-02-09,Etla
912,Escuela Normal,lic. en turismo,economia,presencial,6,2024-12-26,Salina Cruz
913,Cecyte,contabilidad,artes,virtual,8,2024-05-06,juarez
914,Cecyte,lic. en biologia,ciencias sociales,virtual,8,2024-08-12,Tlacolula
915,Escuela Normal,tec. en informatica,humanidades,virtual,10,2024-12-10,Salina Cruz
916,Centro De Estudios,tec. en informatica,artes,virtual,10,2024-08-07,Tlacolula
917,Tebacsso,lic. en turismo,economia,semi presencial,8,2024-04-28,Pochutla
918,Colegio De Bachilleres,tec. en electronica,educacion,semi presencial,6,2024-10-13,oaxaca capital
919,Univers. Autonoma,tec. en informatica,economia,presencial,10,2024-04-04,Salina Cruz
920,Ies Oaxaca,ingenieria en sistemas computacionales,educacion,virtual,6,2024-04-10,Lachixio
921,Ies Oaxaca,lic. en biologia,derecho,virtual,8,2024-02-02,Huajuapan
922,Univers. Autonoma,lic en enfermeria,administracion,semi presencial,8,2024-08-29,oaxaca capital
923,Instituto Superior,tec. en electronica,humanidades,virtual,8,2024-03-13,Salina Cruz
924,Instituto Superior,lic. en filosofia,tecnologia,semi presencial,10,2024-05-12,Ixtlan
925,Instituto Superior,lic. en filosofia,salud,semi presencial,6,2024-07-11,Ixtlan
926,Colegio De Bachilleres,ingenieria civil,administracion,presencial,6,2024-02-24,Salina Cruz
927,Escuela Normal,lic. en educacion,administracion,semi presencial,6,2024-03-17,Huajuapan
928,Tecnologica Del Valle,lic. en filosofia,ingenieria,presencial,10,2024-07-18,Lachixio
929,Ies Oaxaca,tec. en electronica,ingenieria,semi presencial,10,2024-02-04,Lachixio
930,Escuela Normal,lic. en psicologia,ciencias sociales,semi presencial,10,2024-05-05,Tlacolula
931,Cecyte,contabilidad,administracion,presencial,8,2024-11-11,Huajuapan
932,Instituto Superior,lic. en turismo,ingenieria,presencial,10,2024-02-26,Etla
933,Colegio De Bachilleres,tec en mecanica,economia,presencial,10,2024-10-17,Pochutla
934,Colegio De Bachilleres,tec. en informatica,derecho,virtual,6,2024-01-11,Ixtlan
935,Colegio De Bachilleres,tec en mecanica,administracion,semi presencial,6,2024-08-04,Tlacolula
936,Centro De Estudios,lic. en turismo,derecho,virtual,10,2024-02-07,juarez
937,Instituto Tecnologico,tec. en electronica,tecnologia,virtual,6,2024-01-02,juarez
938,Cecyte,lic. en economia,derecho,presencial,6,2024-01-25,Lachixio
939,Escuela Normal,lic. en biologia,derecho,presencial,8,2024-12-30,oaxaca capital
940,Instituto Superior,lic. en psicologia,ciencias sociales,semi presencial,6,2024-05-23,Etla
941,Instituto Tecnologico,lic. en filosofia,salud,presencial,8,2024-05-07,oaxaca capital
942,Ies Oaxaca,lic. en derecho,salud,semi presencial,6,2024-09-25,Pochutla
943,Instituto Tecnologico,lic. en derecho,ciencias sociales,virtual,8,2024-07-11,Ixtlan
944,Instituto Tecnologico,lic. en filosofia,artes,virtual,10,2024-10-05,oaxaca capital
945,Escuela Normal,ingenieria civil,ingenieria,presencial,10,2024-06-12,Salina Cruz
946,Centro De Estudios,lic. en educacion,artes,semi presencial,6,2024-10-07,juarez
947,Univers. Autonoma,lic. en educacion,derecho,virtual,8,2024-11-02,juarez
948,Ujat,ingenieria civil,derecho,semi presencial,8,2024-03-26,oaxaca capital
949,Escuela Normal,tec en mecanica,derecho,virtual,8,2024-02-03,Tlacolula
950,Ujat,lic. en turismo,artes,semi presencial,10,2024-11-14,Pochutla
951,Centro De Estudios,tec. en electronica,artes,presencial,8,2024-01-08,Etla
952,Univers. Autonoma,lic. en turismo,economia,semi presencial,8,2024-01-21,Huajuapan
953,Ujat,lic. en economia,humanidades,semi presencial,8,2024-06-25,Lachixio
954,Colegio De Bachilleres,ingenieria en sistemas computacionales,economia,virtual,6,2024-10-27,Salina Cruz
955,Cecyte,ingenieria civil,administracion,presencial,10,2024-11-20,Huajuapan
956,Ujat,lic. en biologia,ciencias sociales,presencial,6,2024-03-18,juarez
957,Univers. Autonoma,diseño grafico,ingenieria,semi presencial,10,2024-03-06,Xoxocotlan
958,Uabjo,lic. en comunicacion,administracion,presencial,6,2024-03-01,juarez
959,Tecnologica Del Valle,lic. en psicologia,ingenieria,virtual,8,2024-03-24,Etla
960,Cecyte,lic. en comunicacion,administracion,semi presencial,10,2024-12-31,Xoxocotlan
961,Tebacsso,lic en enfermeria,ciencias sociales,virtual,8,2024-04-05,Etla
962,Uabjo,lic. en biologia,tecnologia,semi presencial,8,2024-09-06,oaxaca capital
963,Ies Oaxaca,tec en mecanica,ciencias sociales,presencial,10,2024-01-21,Tlacolula
964,Instituto Superior,ingenieria civil,educacion,virtual,6,2024-05-28,Tlacolula
965,Uabjo,tec. en informatica,ingenieria,virtual,8,2024-12-11,juarez
966,Tebacsso,lic en enfermeria,derecho,presencial,10,2024-04-23,Salina Cruz
967,Instituto Tecnologico,lic. en economia,artes,virtual,10,2024-03-14,oaxaca capital
968,Univers. Autonoma,contabilidad,tecnologia,virtual,10,2024-04-20,Salina Cruz
969,Instituto Tecnologico,lic. en comunicacion,humanidades,virtual,10,2024-08-26,Ixtlan
970,Ujat,lic en enfermeria,ciencias sociales,presencial,6,2024-10-12,Tlacolula
971,Escuela Normal,lic. en biologia,derecho,presencial,8,2024-02-11,Huajuapan
972,Ujat,lic. en biologia,derecho,semi presencial,8,2024-01-17,Etla
973,Escuela Normal,lic en enfermeria,economia,virtual,6,2024-03-14,Tlacolula
974,Uabjo,lic en enfermeria,tecnologia,virtual,6,2024-04-04,Ixtlan
975,Centro De Estudios,tec en mecanica,humanidades,presencial,10,2024-03-29,oaxaca capital
976,Instituto Superior,ingenieria civil,salud,virtual,10,2024-01-13,Lachixio
977,Cecyte,contabilidad,educacion,virtual,10,2024-05-21,oaxaca capital
978,Centro De Estudios,tec en mecanica,administracion,semi presencial,8,2024-09-14,juarez
979,Colegio De Bachilleres,lic. en filosofia,ingenieria,presencial,8,2024-03-01,juarez
980,Univers. Autonoma,ingenieria civil,ciencias sociales,virtual,6,2024-01-13,Salina Cruz
981,Centro De Estudios,lic. en turismo,artes,presencial,8,2024-01-09,Salina Cruz
982,Instituto Tecnologico,tec en mecanica,derecho,semi presencial,8,2024-09-07,oaxaca capital
983,Uabjo,lic. en biologia,artes,virtual,6,2024-11-13,Xoxocotlan
984,Univers. Autonoma,tec en mecanica,salud,presencial,6,2024-03-13,Ixtlan
985,Instituto Tecnologico,ingenieria electronica,derecho,presencial,10,2024-09-29,Pochutla
986,Centro De Estudios,ingenieria civil,educacion,virtual,6,2024-11-23,Lachixio
987,Uabjo,lic. en psicologia,salud,virtual,8,2024-01-07,Xoxocotlan
988,Centro De Estudios,lic. en filosofia,ingenieria,presencial,6,2024-09-01,Ixtlan
989,Conalep,tec en mecanica,derecho,semi presencial,6,2024-04-23,Tlacolula
990,Tebacsso,lic. en psicologia,artes,virtual,6,2024-08-18,Tlacolula
991,Univers. Autonoma,lic. en comunicacion,artes,semi presencial,8,2024-02-12,Lachixio
992,Tebacsso,ingenieria electronica,administracion,presencial,8,2024-01-14,Ixtlan
993,Cecyte,tec. en electronica,ciencias sociales,semi presencial,8,2024-03-13,Salina Cruz
994,Tebacsso,lic. en filosofia,ciencias sociales,virtual,10,2024-08-08,Salina Cruz
995,Ujat,tec. en electronica,economia,presencial,10,2024-02-21,Pochutla
996,Uabjo,lic. en biologia,administracion,semi presencial,8,2024-03-07,Xoxocotlan
997,Ujat,lic. en economia,humanidades,presencial,10,2024-12-20,juarez
998,Univers. Autonoma,ingenieria electronica,salud,semi presencial,6,2024-02-26,Etla
999,Univers. Autonoma,contabilidad,ingenieria,presencial,8,2024-06-24,oaxaca capital
1000,Univers. Autonoma,ingenieria civil,derecho,presencial,6,2024-10-15,Huajuapan
1001,Centro De Estudios,lic. en biologia,ingenieria,presencial,6,2024-04-23,Xoxocotlan
1002,Tebacsso,lic. en comunicacion,tecnologia,semi presencial,6,2024-11-05,oaxaca capital
1003,Centro De Estudios,lic. en derecho,economia,semi presencial,10,2024-03-04,Etla
1004,Ies Oaxaca,lic. en comunicacion,administracion,semi presencial,8,2024-07-11,Tlacolula
1005,Colegio De Bachilleres,lic en enfermeria,humanidades,semi presencial,10,2024-03-29,Pochutla
1006,Ies Oaxaca,lic. en comunicacion,economia,presencial,6,2024-04-11,Etla
1007,Cecyte,lic. en turismo,economia,presencial,10,2024-11-23,Tlacolula
1008,Ujat,lic. en educacion,economia,presencial,6,2024-09-06,Tlacolula
1009,Ujat,lic. en psicologia,ciencias sociales,virtual,10,2024-12-18,Huajuapan
1010,Conalep,ingenieria en sistemas computacionales,derecho,presencial,10,2024-05-26,Etla
1011,Ujat,lic. en turismo,ciencias sociales,virtual,8,2024-02-23,Salina Cruz
1012,Tecnologica Del Valle,lic. en biologia,administracion,semi presencial,10,2024-03-17,Etla
1013,Uabjo,lic. en psicologia,administracion,semi presencial,6,2024-03-17,Etla
1014,Cecyte,ingenieria electronica,artes,presencial,8,2024-09-23,Salina Cruz
1015,Uabjo,lic. en psicologia,economia,virtual,10,2024-06-25,Lachixio
1016,Ujat,tec. en informatica,ingenieria,presencial,8,2024-11-22,oaxaca capital
1017,Univers. Autonoma,ingenieria en sistemas computacionales,ciencias sociales,presencial,8,2024-03-13,Salina Cruz
1018,Cecyte,lic. en biologia,ciencias sociales,semi presencial,10,2024-10-26,Tlacolula
1019,Uabjo,contabilidad,educacion,semi presencial,6,2024-10-01,Lachixio
1020,Conalep,lic. en derecho,ciencias sociales,presencial,10,2024-04-24,juarez
1021,Tebacsso,lic en enfermeria,humanidades,presencial,8,2024-04-11,Etla
1022,Ujat,administracion de empresas,humanidades,semi presencial,8,2024-11-15,Tlacolula
1023,Univers. Autonoma,lic. en derecho,salud,virtual,10,2024-07-12,Salina Cruz
1024,Centro De Estudios,diseño grafico,salud,semi presencial,8,2024-01-21,Tlacolula
1025,Univers. Autonoma,lic. en filosofia,educacion,virtual,10,2024-09-26,Pochutla
1026,Tecnologica Del Valle,tec. en informatica,humanidades,semi presencial,10,2024-03-05,Lachixio
1027,Ujat,lic. en psicologia,ciencias sociales,presencial,6,2024-08-19,Pochutla
1028,Instituto Tecnologico,lic. en biologia,artes,virtual,10,2024-02-23,Salina Cruz
1029,Colegio De Bachilleres,lic. en biologia,economia,presencial,6,2024-07-29,Huajuapan
1030,Colegio De Bachilleres,lic. en derecho,ingenieria,semi presencial,10,2024-05-04,Tlacolula
1031,Cecyte,lic. en filosofia,humanidades,semi presencial,8,2024-07-11,Pochutla
1032,Uabjo,lic. en educacion,tecnologia,presencial,8,2024-08-16,juarez
1033,Centro De Estudios,ingenieria civil,educacion,presencial,6,2024-03-15,Lachixio
1034,Centro De Estudios,lic en enfermeria,ciencias sociales,virtual,10,2024-06-20,oaxaca capital
1035,Centro De Estudios,tec en mecanica,educacion,presencial,10,2024-07-24,oaxaca capital
1036,Tebacsso,lic. en filosofia,salud,virtual,8,2024-10-17,Pochutla
1037,Uabjo,diseño grafico,derecho,virtual,8,2024-11-12,Ixtlan
1038,Uabjo,lic en enfermeria,educacion,semi presencial,10,2024-12-28,Tlacolula
1039,Tebacsso,diseño grafico,humanidades,semi presencial,10,2024-12-10,Ixtlan
1040,Escuela Normal,tec. en informatica,derecho,semi presencial,10,2024-11-01,Xoxocotlan
1041,Ujat,lic. en educacion,economia,presencial,6,2024-06-24,Xoxocotlan
1042,Escuela Normal,lic. en educacion,ingenieria,virtual,10,2024-01-09,Xoxocotlan
1043,Conalep,tec. en informatica,ingenieria,presencial,10,2024-07-02,Tlacolula
1044,Centro De Estudios,diseño grafico,ciencias sociales,presencial,6,2024-12-23,Etla
1045,Instituto Superior,lic en enfermeria,educacion,virtual,6,2024-05-19,oaxaca capital
1046,Uabjo,lic en enfermeria,ciencias sociales,semi presencial,10,2024-12-08,Xoxocotlan
1047,Centro De Estudios,tec. en informatica,artes,presencial,10,2024-01-31,Etla
1048,Conalep,ingenieria en sistemas computacionales,economia,virtual,10,2024-06-17,Pochutla
1049,Ujat,lic. en educacion,administracion,presencial,6,2024-11-14,Salina Cruz
1050,Centro De Estudios,lic. en comunicacion,humanidades,semi presencial,10,2024-01-06,oaxaca capital
1051,Instituto Tecnologico,lic. en biologia,humanidades,virtual,6,2024-12-03,oaxaca capital
1052,Tebacsso,lic. en educacion,ciencias sociales,presencial,10,2024-11-17,Huajuapan
1053,Instituto Tecnologico,lic en enfermeria,administracion,presencial,6,2024-05-19,Tlacolula
1054,Tebacsso,diseño grafico,tecnologia,semi presencial,8,2024-10-05,Pochutla
1055,Escuela Normal,lic. en psicologia,administracion,semi presencial,8,2024-09-16,juarez
1056,Tecnologica Del Valle,administracion de empresas,administracion,presencial,6,2024-03-24,Pochutla
1057,Tebacsso,ingenieria en sistemas computacionales,economia,semi presencial,6,2024-10-15,Pochutla
1058,Ies Oaxaca,administracion de empresas,educacion,virtual,6,2024-10-23,juarez
1059,Tecnologica Del Valle,lic. en biologia,salud,virtual,6,2024-01-06,juarez
1060,Cecyte,lic. en biologia,educacion,virtual,8,2024-04-26,Ixtlan
1061,Tebacsso,ingenieria civil,artes,presencial,10,2024-10-04,Xoxocotlan
1062,Tecnologica Del Valle,ingenieria electronica,tecnologia,semi presencial,8,2024-02-15,Salina Cruz
1063,Centro De Estudios,lic. en turismo,humanidades,virtual,8,2024-12-26,Salina Cruz
1064,Tebacsso,tec en mecanica,economia,presencial,8,2024-01-22,juarez
1065,Conalep,ingenieria civil,educacion,semi presencial,8,2024-03-24,Lachixio
1066,Univers. Autonoma,lic. en turismo,artes,virtual,6,2024-03-14,Etla
1067,Tecnologica Del Valle,lic. en psicologia,derecho,presencial,8,2024-09-03,Etla
1068,Centro De Estudios,tec en mecanica,salud,semi presencial,8,2024-09-16,Pochutla
1069,Instituto Tecnologico,ingenieria en sistemas computacionales,economia,virtual,10,2024-06-18,Ixtlan
1070,Escuela Normal,ingenieria civil,salud,virtual,8,2024-04-26,Salina Cruz
1071,Escuela Normal,lic. en economia,educacion,presencial,6,2024-06-19,Lachixio
1072,Conalep,lic. en psicologia,artes,presencial,10,2024-06-28,Huajuapan
1073,Ies Oaxaca,tec. en informatica,derecho,presencial,6,2024-11-12,Huajuapan
1074,Cecyte,tec. en electronica,tecnologia,virtual,8,2024-03-02,Xoxocotlan
1075,Uabjo,ingenieria civil,tecnologia,presencial,6,2024-08-06,Pochutla
1076,Conalep,lic en enfermeria,artes,presencial,6,2024-09-27,Ixtlan
1077,Ujat,ingenieria en sistemas computacionales,economia,virtual,8,2024-07-01,Salina Cruz
1078,Univers. Autonoma,lic. en comunicacion,economia,virtual,8,2024-05-20,Etla
1079,Ies Oaxaca,tec. en informatica,ciencias sociales,virtual,10,2024-09-21,Lachixio
1080,Ies Oaxaca,lic. en turismo,derecho,semi presencial,8,2024-02-02,Etla
1081,Univers. Autonoma,lic. en turismo,derecho,semi presencial,10,2024-09-22,Huajuapan
1082,Instituto Superior,tec en mecanica,educacion,virtual,10,2024-11-10,Huajuapan
1083,Instituto Superior,lic. en biologia,educacion,semi presencial,8,2024-04-11,Pochutla
1084,Univers. Autonoma,tec. en informatica,economia,semi presencial,10,2024-04-22,Tlacolula
1085,Instituto Tecnologico,lic. en filosofia,ingenieria,semi presencial,10,2024-03-24,Lachixio
1086,Instituto Tecnologico,lic. en comunicacion,tecnologia,presencial,8,2024-08-22,Tlacolula
1087,Cecyte,lic. en derecho,tecnologia,virtual,10,2024-01-22,Ixtlan
1088,Tecnologica Del Valle,lic. en psicologia,educacion,semi presencial,10,2024-02-26,juarez
1089,Centro De Estudios,tec. en electronica,derecho,presencial,8,2024-07-20,Tlacolula
1090,Escuela Normal,lic. en turismo,ingenieria,presencial,10,2024-06-17,Xoxocotlan
1091,Centro De Estudios,lic en enfermeria,ingenieria,semi presencial,8,2024-01-26,Etla
1092,Colegio De Bachilleres,ingenieria electronica,ingenieria,presencial,8,2024-04-03,Pochutla
1093,Ujat,ingenieria en sistemas computacionales,salud,virtual,6,2024-01-18,Huajuapan
1094,Tebacsso,lic en enfermeria,derecho,presencial,8,2024-10-24,Tlacolula
1095,Conalep,tec. en informatica,artes,presencial,8,2024-10-01,oaxaca capital
1096,Tecnologica Del Valle,contabilidad,administracion,semi presencial,6,2024-06-06,Huajuapan
1097,Tebacsso,lic. en economia,salud,semi presencial,8,2024-12-02,Etla
1098,Ujat,lic. en biologia,ingenieria,presencial,6,2024-03-09,Lachixio
1099,Univers. Autonoma,contabilidad,artes,semi presencial,6,2024-12-21,Xoxocotlan
1100,Instituto Superior,ingenieria civil,derecho,presencial,8,2024-04-18,oaxaca capital
1101,Univers. Autonoma,lic. en derecho,humanidades,virtual,6,2024-08-31,juarez
1102,Cecyte,ingenieria electronica,salud,presencial,6,2024-11-26,juarez
1103,Conalep,tec. en electronica,derecho,presencial,8,2024-11-07,oaxaca capital
1104,Colegio De Bachilleres,lic. en economia,educacion,virtual,6,2024-10-25,Salina Cruz
1105,Tecnologica Del Valle,lic. en derecho,ingenieria,semi presencial,10,2024-07-12,juarez
1106,Instituto Superior,administracion de empresas,tecnologia,presencial,8,2024-07-17,Xoxocotlan
1107,Cecyte,lic. en economia,administracion,presencial,8,2024-07-07,juarez
1108,Ies Oaxaca,lic. en educacion,ciencias sociales,presencial,8,2024-08-12,juarez
1109,Univers. Autonoma,ingenieria electronica,ingenieria,virtual,8,2024-08-10,Salina Cruz
1110,Univers. Autonoma,diseño grafico,artes,semi presencial,8,2024-04-27,Etla
1111,Ujat,ingenieria civil,educacion,presencial,8,2024-02-27,Ixtlan
1112,Ies Oaxaca,ingenieria civil,administracion,semi presencial,6,2024-12-25,Huajuapan
1113,Colegio De Bachilleres,tec. en informatica,economia,semi presencial,10,2024-09-21,Tlacolula
1114,Instituto Tecnologico,lic en enfermeria,artes,presencial,8,2024-05-01,Lachixio
1115,Instituto Tecnologico,lic. en educacion,educacion,presencial,10,2024-12-07,Salina Cruz
1116,Colegio De Bachilleres,tec. en informatica,artes,semi presencial,6,2024-04-18,juarez
1117,Conalep,ingenieria electronica,humanidades,presencial,10,2024-03-09,Ixtlan
1118,Instituto Tecnologico,ingenieria electronica,salud,semi presencial,6,2024-12-07,Tlacolula
1119,Centro De Estudios,lic. en economia,tecnologia,presencial,10,2024-11-06,Salina Cruz
1120,Tebacsso,lic. en educacion,economia,virtual,10,2024-08-29,Etla
1121,Cecyte,lic. en comunicacion,administracion,semi presencial,10,2024-01-31,Salina Cruz
1122,Colegio De Bachilleres,contabilidad,artes,semi presencial,8,2024-05-10,Pochutla
1123,Colegio De Bachilleres,tec. en informatica,administracion,virtual,10,2024-01-25,Salina Cruz
1124,Centro De Estudios,tec. en electronica,derecho,semi presencial,10,2024-02-19,Huajuapan
1125,Cecyte,tec. en electronica,derecho,presencial,10,2024-07-18,Xoxocotlan
1126,Ies Oaxaca,tec. en informatica,ingenieria,virtual,10,2024-04-27,Tlacolula
1127,Instituto Superior,lic. en economia,ciencias sociales,presencial,8,2024-01-28,Xoxocotlan
1128,Uabjo,lic. en educacion,tecnologia,virtual,10,2024-07-31,Lachixio
1129,Uabjo,lic. en turismo,ingenieria,virtual,10,2024-08-29,Pochutla
1130,Colegio De Bachilleres,tec. en electronica,derecho,virtual,6,2024-10-13,Tlacolula
1131,Cecyte,tec en mecanica,artes,presencial,6,2024-11-30,Tlacolula
1132,Escuela Normal,lic en enfermeria,tecnologia,semi presencial,10,2024-10-25,Xoxocotlan
1133,Tecnologica Del Valle,ingenieria civil,artes,presencial,6,2024-12-20,Huajuapan
1134,Tecnologica Del Valle,lic. en derecho,administracion,presencial,8,2024-07-21,Huajuapan
1135,Tebacsso,lic. en derecho,administracion,virtual,6,2024-07-25,Tlacolula
1136,Centro De Estudios,diseño grafico,economia,virtual,6,2024-03-04,Tlacolula
1137,Colegio De Bachilleres,diseño grafico,salud,semi presencial,10,2024-07-15,Salina Cruz
1138,Ies Oaxaca,lic. en educacion,ciencias sociales,presencial,10,2024-12-22,Tlacolula
1139,Tebacsso,lic. en educacion,tecnologia,presencial,6,2024-11-21,oaxaca capital
1140,Univers. Autonoma,tec. en informatica,ciencias sociales,virtual,10,2024-02-22,Salina Cruz
1141,Ujat,lic. en economia,ciencias sociales,virtual,8,2024-09-05,Huajuapan
1142,Tebacsso,administracion de empresas,tecnologia,presencial,6,2024-08-25,Xoxocotlan
1143,Ies Oaxaca,ingenieria civil,administracion,virtual,10,2024-04-05,Ixtlan
1144,Tebacsso,lic. en filosofia,salud,presencial,10,2024-04-29,Ixtlan
1145,Cecyte,lic. en psicologia,administracion,virtual,6,2024-11-12,juarez
1146,Cecyte,lic. en turismo,economia,virtual,10,2024-03-12,Xoxocotlan
1147,Tebacsso,tec. en electronica,administracion,virtual,10,2024-03-07,oaxaca capital
1148,Conalep,tec. en electronica,tecnologia,presencial,8,2024-05-23,Etla
1149,Tebacsso,ingenieria electronica,ciencias sociales,presencial,6,2024-08-24,Xoxocotlan
1150,Instituto Tecnologico,lic. en biologia,economia,virtual,6,2024-02-26,Salina Cruz
1151,Instituto Superior,ingenieria en sistemas computacionales,economia,virtual,10,2024-04-01,juarez
1152,Instituto Tecnologico,lic. en educacion,tecnologia,virtual,8,2024-09-28,Etla
1153,Tebacsso,ingenieria electronica,ingenieria,semi presencial,10,2024-02-26,Huajuapan
1154,Tecnologica Del Valle,lic. en biologia,administracion,semi presencial,6,2024-12-07,juarez
1155,Uabjo,administracion de empresas,ciencias sociales,presencial,10,2024-11-28,Lachixio
1156,Colegio De Bachilleres,administracion de empresas,humanidades,virtual,10,2024-11-26,Ixtlan
1157,Univers. Autonoma,tec. en informatica,humanidades,virtual,6,2024-09-04,Lachixio
1158,Centro De Estudios,lic en enfermeria,derecho,virtual,10,2024-01-09,Lachixio
1159,Conalep,administracion de empresas,tecnologia,virtual,6,2024-07-16,Huajuapan
1160,Escuela Normal,lic. en biologia,economia,virtual,10,2024-08-27,Tlacolula
1161,Tecnologica Del Valle,tec. en electronica,derecho,virtual,10,2024-01-03,Lachixio
1162,Colegio De Bachilleres,ingenieria civil,educacion,presencial,8,2024-07-12,Etla
1163,Conalep,lic. en comunicacion,administracion,semi presencial,10,2024-11-07,Tlacolula
1164,Univers. Autonoma,lic. en biologia,ingenieria,presencial,8,2024-06-11,Lachixio
1165,Colegio De Bachilleres,tec en mecanica,salud,virtual,8,2024-09-07,Huajuapan
1166,Conalep,lic. en turismo,humanidades,presencial,8,2024-06-25,Etla
1167,Instituto Tecnologico,diseño grafico,ingenieria,semi presencial,8,2024-09-20,oaxaca capital
1168,Cecyte,diseño grafico,artes,semi presencial,6,2024-12-27,oaxaca capital
1169,Ies Oaxaca,lic. en filosofia,salud,presencial,8,2024-01-10,Salina Cruz
1170,Uabjo,lic. en psicologia,ciencias sociales,semi presencial,6,2024-01-28,Etla
1171,Univers. Autonoma,lic. en filosofia,artes,virtual,8,2024-08-19,oaxaca capital
1172,Escuela Normal,tec. en informatica,ciencias sociales,presencial,10,2024-06-12,Ixtlan
1173,Centro De Estudios,contabilidad,artes,presencial,10,2024-01-27,Etla
1174,Tebacsso,lic. en educacion,tecnologia,semi presencial,8,2024-10-19,Salina Cruz
1175,Tebacsso,tec en mecanica,derecho,presencial,10,2024-01-27,Pochutla
1176,Conalep,ingenieria en sistemas computacionales,derecho,virtual,6,2024-08-24,juarez
1177,Cecyte,lic. en derecho,tecnologia,semi presencial,6,2024-05-09,Etla
1178,Univers. Autonoma,lic. en turismo,ciencias sociales,virtual,6,2024-12-29,Xoxocotlan
1179,Ies Oaxaca,lic. en filosofia,administracion,semi presencial,6,2024-09-08,oaxaca capital
1180,Escuela Normal,lic. en economia,derecho,virtual,6,2024-03-05,Ixtlan
1181,Ujat,lic. en educacion,salud,virtual,8,2024-07-31,Salina Cruz
1182,Uabjo,ingenieria civil,educacion,semi presencial,8,2024-09-12,Lachixio
1183,Cecyte,ingenieria civil,humanidades,virtual,8,2024-08-09,juarez
1184,Ies Oaxaca,lic. en biologia,derecho,presencial,10,2024-02-03,Huajuapan
1185,Uabjo,administracion de empresas,tecnologia,virtual,10,2024-07-12,Salina Cruz
1186,Instituto Superior,lic en enfermeria,ingenieria,semi presencial,10,2024-01-12,Ixtlan
1187,Instituto Tecnologico,lic en enfermeria,ciencias sociales,presencial,8,2024-08-17,juarez
1188,Instituto Tecnologico,ingenieria civil,administracion,semi presencial,6,2024-04-16,Tlacolula
1189,Cecyte,lic. en economia,ingenieria,virtual,6,2024-12-02,Lachixio
1190,Tebacsso,lic en enfermeria,ingenieria,semi presencial,6,2024-02-16,Tlacolula
1191,Instituto Superior,administracion de empresas,derecho,presencial,6,2024-01-11,juarez
1192,Ujat,lic en enfermeria,salud,presencial,6,2024-10-02,Ixtlan
1193,Conalep,lic. en derecho,tecnologia,virtual,10,2024-09-16,Huajuapan
1194,Escuela Normal,lic en enfermeria,tecnologia,semi presencial,10,2024-04-30,Lachixio
1195,Univers. Autonoma,contabilidad,economia,semi presencial,8,2024-09-09,oaxaca capital
1196,Tecnologica Del Valle,ingenieria en sistemas computacionales,administracion,presencial,6,2024-10-12,Etla
1197,Conalep,ingenieria en sistemas computacionales,economia,virtual,6,2024-04-02,Lachixio
1198,Instituto Superior,ingenieria civil,salud,virtual,6,2024-01-16,Lachixio
1199,Instituto Superior,ingenieria en sistemas computacionales,derecho,virtual,10,2024-07-03,Salina Cruz
1200,Univers. Autonoma,tec. en electronica,derecho,presencial,8,2024-05-31,Huajuapan
1201,Tebacsso,lic en enfermeria,derecho,presencial,8,2024-01-02,Lachixio
1202,Ies Oaxaca,lic. en comunicacion,salud,presencial,10,2024-01-25,oaxaca capital
1203,Instituto Tecnologico,tec. en electronica,administracion,semi presencial,8,2024-01-02,juarez
1204,Ujat,ingenieria electronica,economia,presencial,10,2024-02-13,oaxaca capital
1205,Uabjo,lic. en educacion,derecho,semi presencial,8,2024-05-21,oaxaca capital
1206,Colegio De Bachilleres,lic. en comunicacion,artes,semi presencial,10,2024-12-05,Lachixio
1207,Univers. Autonoma,ingenieria en sistemas computacionales,tecnologia,presencial,6,2024-01-17,Salina Cruz
1208,Escuela Normal,lic. en comunicacion,economia,virtual,6,2024-09-29,Etla
1209,Tecnologica Del Valle,lic. en turismo,educacion,virtual,6,2024-03-29,Pochutla
1210,Centro De Estudios,lic. en derecho,economia,presencial,10,2024-06-14,Etla
1211,Centro De Estudios,lic. en educacion,humanidades,presencial,8,2024-03-19,Huajuapan
1212,Conalep,ingenieria electronica,derecho,semi presencial,10,2024-07-23,Etla
1213,Escuela Normal,lic. en derecho,administracion,presencial,6,2024-08-29,Salina Cruz
1214,Instituto Tecnologico,lic. en turismo,ciencias sociales,semi presencial,8,2024-01-15,Pochutla
1215,Centro De Estudios,diseño grafico,educacion,semi presencial,6,2024-02-11,Pochutla
1216,Instituto Tecnologico,tec. en electronica,derecho,presencial,10,2024-08-28,Xoxocotlan
1217,Instituto Superior,contabilidad,educacion,semi presencial,8,2024-10-03,juarez
1218,Univers. Autonoma,lic. en educacion,administracion,virtual,10,2024-06-24,Etla
1219,Tebacsso,contabilidad,derecho,presencial,6,2024-06-17,juarez
1220,Escuela Normal,ingenieria en sistemas computacionales,artes,semi presencial,8,2024-06-13,oaxaca capital
1221,Ies Oaxaca,lic. en psicologia,humanidades,semi presencial,10,2024-09-01,Lachixio
1222,Instituto Superior,lic. en educacion,ingenieria,virtual,10,2024-01-11,Tlacolula
1223,Centro De Estudios,lic en enfermeria,ciencias sociales,presencial,6,2024-03-11,juarez
1224,Instituto Tecnologico,lic. en turismo,economia,presencial,6,2024-12-18,juarez
1225,Tecnologica Del Valle,administracion de empresas,administracion,virtual,6,2024-09-05,juarez
1226,Conalep,ingenieria en sistemas computacionales,educacion,semi presencial,8,2024-01-11,Pochutla
1227,Univers. Autonoma,ingenieria electronica,educacion,virtual,8,2024-07-23,oaxaca capital
1228,Instituto Superior,contabilidad,administracion,virtual,10,2024-12-09,juarez
1229,Uabjo,lic. en economia,economia,semi presencial,6,2024-11-12,Lachixio
1230,Centro De Estudios,lic. en educacion,ciencias sociales,presencial,10,2024-11-21,Pochutla
1231,Centro De Estudios,lic. en comunicacion,salud,semi presencial,8,2024-03-13,Tlacolula
1232,Tebacsso,lic. en economia,salud,presencial,6,2024-08-09,Lachixio
1233,Ujat,administracion de empresas,salud,virtual,10,2024-10-23,Pochutla
1234,Tecnologica Del Valle,ingenieria civil,derecho,presencial,10,2024-10-28,Salina Cruz
1235,Conalep,lic. en filosofia,humanidades,presencial,6,2024-07-03,oaxaca capital
1236,Conalep,lic. en turismo,derecho,presencial,6,2024-07-02,Xoxocotlan
1237,Uabjo,tec en mecanica,economia,virtual,6,2024-05-11,oaxaca capital
1238,Uabjo,lic. en biologia,salud,virtual,6,2024-07-16,Tlacolula
1239,Colegio De Bachilleres,contabilidad,humanidades,semi presencial,8,2024-12-21,Pochutla
1240,Cecyte,diseño grafico,tecnologia,semi presencial,6,2024-12-08,Salina Cruz
1241,Ujat,ingenieria en sistemas computacionales,tecnologia,semi presencial,6,2024-03-28,Salina Cruz
1242,Cecyte,tec. en informatica,derecho,virtual,8,2024-08-06,oaxaca capital
1243,Instituto Superior,lic. en educacion,ciencias sociales,virtual,10,2024-01-24,Ixtlan
1244,Cecyte,lic. en derecho,artes,semi presencial,8,2024-02-04,Ixtlan
1245,Tebacsso,tec. en electronica,ciencias sociales,semi presencial,8,2024-03-15,Tlacolula
1246,Escuela Normal,administracion de empresas,salud,virtual,10,2024-03-30,Tlacolula
1247,Univers. Autonoma,lic. en comunicacion,salud,virtual,8,2024-08-19,Tlacolula
1248,Ies Oaxaca,tec. en electronica,ingenieria,semi presencial,8,2024-06-18,oaxaca capital
1249,Ujat,tec. en electronica,humanidades,presencial,8,2024-11-15,juarez
1250,Conalep,administracion de empresas,salud,semi presencial,8,2024-06-18,juarez
1251,Uabjo,ingenieria electronica,economia,presencial,6,2024-09-07,oaxaca capital
1252,Conalep,lic. en educacion,ingenieria,semi presencial,8,2024-03-27,oaxaca capital
1253,Tecnologica Del Valle,contabilidad,economia,presencial,6,2024-07-10,Huajuapan
1254,Uabjo,lic. en derecho,ingenieria,presencial,8,2024-12-31,Pochutla
1255,Tecnologica Del Valle,diseño grafico,salud,presencial,6,2024-09-29,Tlacolula
1256,Tecnologica Del Valle,administracion de empresas,salud,presencial,8,2024-02-10,Ixtlan
1257,Conalep,ingenieria en sistemas computacionales,salud,presencial,8,2024-03-22,oaxaca capital
1258,Cecyte,tec. en electronica,administracion,virtual,8,2024-03-13,Xoxocotlan
1259,Instituto Superior,ingenieria en sistemas computacionales,artes,semi presencial,10,2024-04-06,Ixtlan
1260,Univers. Autonoma,lic. en educacion,ciencias sociales,presencial,10,2024-05-05,Lachixio
1261,Ies Oaxaca,lic. en psicologia,salud,virtual,6,2024-06-30,Pochutla
1262,Instituto Tecnologico,ingenieria electronica,economia,virtual,8,2024-10-26,Salina Cruz
1263,Tecnologica Del Valle,diseño grafico,humanidades,presencial,10,2024-08-20,Etla
1264,Uabjo,ingenieria civil,humanidades,presencial,6,2024-12-30,Xoxocotlan
1265,Escuela Normal,lic. en comunicacion,economia,virtual,6,2024-08-18,juarez
1266,Ies Oaxaca,ingenieria electronica,salud,semi presencial,8,2024-11-07,juarez
1267,Ujat,diseño grafico,artes,presencial,10,2024-03-25,juarez
1268,Ujat,contabilidad,economia,presencial,8,2024-03-03,Tlacolula
1269,Instituto Tecnologico,lic. en psicologia,ingenieria,virtual,10,2024-03-09,Tlacolula
1270,Ies Oaxaca,lic. en derecho,tecnologia,presencial,8,2024-11-12,oaxaca capital
1271,Centro De Estudios,ingenieria civil,ingenieria,presencial,6,2024-06-02,Salina Cruz
1272,Univers. Autonoma,tec. en informatica,ingenieria,presencial,8,2024-10-22,Ixtlan
1273,Centro De Estudios,lic. en derecho,economia,presencial,10,2024-02-11,Tlacolula
1274,Tebacsso,lic. en psicologia,ciencias sociales,virtual,6,2024-06-16,oaxaca capital
1275,Instituto Tecnologico,ingenieria civil,derecho,presencial,10,2024-12-11,Xoxocotlan
1276,Colegio De Bachilleres,lic. en biologia,ciencias sociales,presencial,6,2024-09-29,Etla
1277,Ujat,lic en enfermeria,derecho,presencial,8,2024-07-26,Huajuapan
1278,Tebacsso,tec. en electronica,derecho,virtual,10,2024-10-02,juarez
1279,Conalep,administracion de empresas,educacion,virtual,10,2024-09-23,Tlacolula
1280,Tecnologica Del Valle,lic. en educacion,educacion,virtual,8,2024-12-26,Ixtlan
1281,Univers. Autonoma,lic. en psicologia,economia,semi presencial,8,2024-04-15,Etla
1282,Escuela Normal,lic. en turismo,derecho,virtual,10,2024-10-01,oaxaca capital
1283,Escuela Normal,lic. en turismo,artes,presencial,10,2024-05-03,Ixtlan
1284,Cecyte,tec en mecanica,ingenieria,presencial,8,2024-03-05,Salina Cruz
1285,Centro De Estudios,ingenieria civil,administracion,virtual,8,2024-07-28,Tlacolula
1286,Ies Oaxaca,tec. en electronica,derecho,semi presencial,6,2024-03-12,Salina Cruz
1287,Instituto Tecnologico,tec. en electronica,salud,virtual,10,2024-10-27,Salina Cruz
1288,Uabjo,tec en mecanica,artes,presencial,6,2024-07-29,Huajuapan
1289,Escuela Normal,ingenieria electronica,tecnologia,virtual,6,2024-06-10,Ixtlan
1290,Ies Oaxaca,administracion de empresas,economia,virtual,6,2024-08-02,Tlacolula
1291,Colegio De Bachilleres,diseño grafico,tecnologia,virtual,8,2024-02-21,Pochutla
1292,Conalep,ingenieria electronica,salud,presencial,8,2024-09-22,Huajuapan
1293,Ujat,lic. en educacion,ingenieria,virtual,8,2024-11-16,Huajuapan
1294,Univers. Autonoma,contabilidad,ciencias sociales,virtual,8,2024-02-04,Salina Cruz
1295,Conalep,administracion de empresas,ingenieria,presencial,6,2024-02-23,Huajuapan
1296,Colegio De Bachilleres,lic. en turismo,tecnologia,presencial,10,2024-08-03,Etla
1297,Instituto Superior,lic en enfermeria,artes,virtual,8,2024-05-19,Tlacolula
1298,Colegio De Bachilleres,diseño grafico,artes,semi presencial,10,2024-04-17,Tlacolula
1299,Tebacsso,lic en enfermeria,humanidades,semi presencial,6,2024-05-30,Salina Cruz
1300,Centro De Estudios,lic. en economia,educacion,virtual,6,2024-06-15,Huajuapan
1301,Tebacsso,ingenieria en sistemas computacionales,ciencias sociales,semi presencial,8,2024-03-21,Ixtlan
1302,Escuela Normal,tec. en electronica,tecnologia,semi presencial,6,2024-07-14,Ixtlan
1303,Uabjo,administracion de empresas,tecnologia,presencial,8,2024-05-23,oaxaca capital
1304,Ies Oaxaca,lic. en derecho,humanidades,semi presencial,8,2024-06-23,juarez
1305,Ujat,diseño grafico,educacion,presencial,8,2024-05-20,Lachixio
1306,Tebacsso,contabilidad,artes,semi presencial,8,2024-02-26,Tlacolula
1307,Centro De Estudios,lic. en economia,educacion,semi presencial,10,2024-08-24,juarez
1308,Cecyte,ingenieria electronica,humanidades,virtual,6,2024-11-04,oaxaca capital
1309,Tebacsso,lic. en comunicacion,derecho,semi presencial,6,2024-03-15,Huajuapan
1310,Centro De Estudios,lic. en economia,derecho,virtual,6,2024-04-06,Salina Cruz
1311,Ujat,contabilidad,humanidades,virtual,6,2024-01-04,Xoxocotlan
1312,Uabjo,lic. en educacion,administracion,semi presencial,6,2024-09-20,juarez
1313,Conalep,ingenieria electronica,humanidades,virtual,10,2024-11-13,juarez
1314,Instituto Superior,lic en enfermeria,ingenieria,semi presencial,8,2024-02-18,Salina Cruz
1315,Univers. Autonoma,lic. en filosofia,tecnologia,semi presencial,8,2024-02-01,oaxaca capital
1316,Ujat,tec en mecanica,educacion,semi presencial,10,2024-07-17,Huajuapan
1317,Univers. Autonoma,lic. en educacion,artes,semi presencial,10,2024-04-29,Ixtlan
1318,Univers. Autonoma,tec. en informatica,derecho,semi presencial,6,2024-03-03,oaxaca capital
1319,Tecnologica Del Valle,lic. en economia,artes,virtual,6,2024-09-03,Lachixio
1320,Ies Oaxaca,lic. en turismo,ciencias sociales,presencial,6,2024-10-11,Tlacolula
1321,Instituto Tecnologico,lic. en educacion,salud,virtual,10,2024-01-12,Etla
1322,Tebacsso,ingenieria electronica,economia,virtual,8,2024-11-04,Etla
1323,Colegio De Bachilleres,tec. en informatica,artes,virtual,6,2024-06-17,Huajuapan
1324,Ies Oaxaca,diseño grafico,tecnologia,semi presencial,10,2024-04-06,juarez
1325,Cecyte,lic. en derecho,humanidades,presencial,10,2024-07-09,Salina Cruz
1326,Tebacsso,lic. en psicologia,salud,presencial,6,2024-11-22,Pochutla
1327,Univers. Autonoma,lic. en turismo,ciencias sociales,virtual,10,2024-02-14,Lachixio
1328,Tecnologica Del Valle,ingenieria electronica,artes,virtual,6,2024-05-26,Ixtlan
1329,Conalep,tec. en informatica,ingenieria,presencial,8,2024-02-26,Salina Cruz
1330,Instituto Tecnologico,lic. en economia,humanidades,presencial,6,2024-03-06,Lachixio
1331,Tecnologica Del Valle,lic. en turismo,educacion,virtual,10,2024-01-19,Huajuapan
1332,Instituto Superior,lic. en filosofia,derecho,semi presencial,10,2024-07-27,Ixtlan
1333,Ies Oaxaca,lic. en biologia,derecho,virtual,10,2024-09-25,Etla
1334,Conalep,lic. en educacion,artes,semi presencial,8,2024-03-27,Pochutla
1335,Instituto Tecnologico,lic. en filosofia,salud,virtual,6,2024-07-12,Lachixio
1336,Instituto Tecnologico,tec en mecanica,educacion,semi presencial,6,2024-05-23,juarez
1337,Tecnologica Del Valle,administracion de empresas,salud,semi presencial,10,2024-01-01,Huajuapan
1338,Ujat,lic. en biologia,educacion,semi presencial,10,2024-02-10,Pochutla
1339,Instituto Tecnologico,tec. en informatica,ingenieria,presencial,8,2024-11-16,Lachixio
1340,Instituto Tecnologico,ingenieria electronica,humanidades,virtual,10,2024-09-04,Xoxocotlan
1341,Tebacsso,lic. en turismo,tecnologia,virtual,8,2024-04-11,Etla
1342,Univers. Autonoma,lic. en derecho,ciencias sociales,presencial,10,2024-08-13,Pochutla
1343,Uabjo,lic. en educacion,economia,presencial,8,2024-10-22,Xoxocotlan
1344,Escuela Normal,lic. en educacion,administracion,virtual,10,2024-01-27,Salina Cruz
1345,Instituto Tecnologico,tec en mecanica,salud,virtual,6,2024-04-05,oaxaca capital
1346,Univers. Autonoma,tec en mecanica,derecho,presencial,8,2024-08-23,oaxaca capital
1347,Colegio De Bachilleres,lic. en turismo,derecho,semi presencial,8,2024-03-13,Tlacolula
1348,Uabjo,diseño grafico,artes,presencial,6,2024-09-08,Lachixio
1349,Conalep,lic. en filosofia,educacion,virtual,8,2024-05-20,Xoxocotlan
1350,Ujat,ingenieria civil,economia,presencial,10,2024-01-03,juarez
1351,Centro De Estudios,lic. en comunicacion,ciencias sociales,virtual,6,2024-08-22,Xoxocotlan
1352,Univers. Autonoma,administracion de empresas,salud,semi presencial,10,2024-03-29,Tlacolula
1353,Uabjo,tec en mecanica,tecnologia,semi presencial,8,2024-04-07,Pochutla
1354,Colegio De Bachilleres,lic en enfermeria,tecnologia,virtual,8,2024-09-23,Lachixio
1355,Conalep,lic. en psicologia,salud,semi presencial,10,2024-05-09,Ixtlan
1356,Univers. Autonoma,lic. en filosofia,ingenieria,virtual,8,2024-03-09,juarez
1357,Cecyte,lic. en biologia,economia,semi presencial,10,2024-06-11,Tlacolula
1358,Escuela Normal,lic. en biologia,ciencias sociales,semi presencial,8,2024-01-29,oaxaca capital
1359,Cecyte,tec en mecanica,administracion,presencial,10,2024-02-17,Pochutla
1360,Escuela Normal,lic. en psicologia,derecho,presencial,8,2024-12-13,oaxaca capital
1361,Cecyte,lic. en economia,ciencias sociales,virtual,10,2024-09-02,Huajuapan
1362,Conalep,lic. en biologia,humanidades,virtual,10,2024-02-28,Tlacolula
1363,Instituto Tecnologico,tec en mecanica,administracion,semi presencial,8,2024-01-13,Huajuapan
1364,Centro De Estudios,lic. en comunicacion,educacion,virtual,10,2024-05-19,juarez
1365,Tebacsso,ingenieria en sistemas computacionales,educacion,virtual,6,2024-10-19,Ixtlan
1366,Ies Oaxaca,lic. en educacion,humanidades,presencial,6,2024-04-19,oaxaca capital
1367,Escuela Normal,lic. en derecho,economia,virtual,6,2024-08-17,juarez
1368,Instituto Superior,lic. en derecho,ingenieria,virtual,10,2024-07-24,Lachixio
1369,Instituto Superior,tec. en informatica,ingenieria,semi presencial,10,2024-05-18,Pochutla
1370,Uabjo,lic. en psicologia,salud,semi presencial,10,2024-06-23,Huajuapan
1371,Ujat,lic. en economia,educacion,presencial,6,2024-02-14,oaxaca capital
1372,Tecnologica Del Valle,lic. en educacion,salud,presencial,6,2024-07-12,Tlacolula
1373,Escuela Normal,lic. en educacion,artes,semi presencial,10,2024-10-23,juarez
1374,Ujat,lic. en filosofia,educacion,virtual,6,2024-11-27,Etla
1375,Tebacsso,contabilidad,educacion,virtual,8,2024-11-18,Xoxocotlan
1376,Instituto Superior,lic. en economia,economia,semi presencial,10,2024-06-23,Huajuapan
1377,Cecyte,ingenieria electronica,educacion,presencial,10,2024-06-01,Huajuapan
1378,Tecnologica Del Valle,tec. en electronica,humanidades,presencial,6,2024-09-18,Salina Cruz
1379,Conalep,tec. en informatica,ingenieria,virtual,8,2024-06-12,Etla
1380,Tebacsso,lic en enfermeria,economia,semi presencial,6,2024-09-23,juarez
1381,Colegio De Bachilleres,contabilidad,derecho,semi presencial,6,2024-06-11,oaxaca capital
1382,Instituto Tecnologico,lic. en filosofia,derecho,presencial,10,2024-07-02,Xoxocotlan
1383,Conalep,diseño grafico,artes,semi presencial,6,2024-12-31,Salina Cruz
1384,Instituto Superior,lic. en comunicacion,ingenieria,virtual,10,2024-12-05,juarez
1385,Ujat,lic. en derecho,ingenieria,virtual,6,2024-01-30,oaxaca capital
1386,Colegio De Bachilleres,ingenieria civil,derecho,semi presencial,6,2024-04-24,oaxaca capital
1387,Instituto Superior,tec. en electronica,educacion,presencial,6,2024-06-24,Lachixio
1388,Conalep,ingenieria en sistemas computacionales,ingenieria,semi presencial,6,2024-01-05,Lachixio
1389,Ies Oaxaca,lic. en economia,administracion,presencial,10,2024-01-21,Salina Cruz
1390,Uabjo,lic. en turismo,humanidades,virtual,10,2024-01-29,Lachixio
1391,Instituto Tecnologico,tec en mecanica,administracion,semi presencial,6,2024-06-29,Lachixio
1392,Tecnologica Del Valle,tec en mecanica,educacion,virtual,6,2024-09-29,Etla
1393,Escuela Normal,ingenieria electronica,economia,semi presencial,8,2024-08-25,Huajuapan
1394,Ujat,lic. en biologia,salud,semi presencial,8,2024-06-12,Salina Cruz
1395,Colegio De Bachilleres,diseño grafico,administracion,virtual,10,2024-05-19,Salina Cruz
1396,Ujat,lic en enfermeria,ciencias sociales,virtual,10,2024-06-06,Huajuapan
1397,Ujat,tec. en informatica,ingenieria,semi presencial,6,2024-04-06,Xoxocotlan
1398,Univers. Autonoma,lic. en psicologia,tecnologia,presencial,10,2024-10-01,juarez
1399,Instituto Superior,lic. en turismo,administracion,presencial,6,2024-02-17,juarez
1400,Escuela Normal,tec. en electronica,administracion,virtual,8,2024-05-31,Salina Cruz
1401,Ies Oaxaca,lic. en educacion,administracion,virtual,8,2024-03-01,Pochutla
1402,Ies Oaxaca,lic. en psicologia,salud,virtual,6,2024-04-04,Etla
1403,Colegio De Bachilleres,lic. en economia,administracion,virtual,6,2024-08-04,Huajuapan
1404,Instituto Tecnologico,ingenieria civil,derecho,presencial,8,2024-03-21,Tlacolula
1405,Tebacsso,lic. en derecho,humanidades,virtual,10,2024-02-24,Salina Cruz
1406,Tecnologica Del Valle,ingenieria en sistemas computacionales,tecnologia,semi presencial,8,2024-02-04,Salina Cruz
1407,Uabjo,lic. en filosofia,ciencias sociales,presencial,8,2024-05-19,Lachixio
1408,Colegio De Bachilleres,tec. en electronica,educacion,virtual,10,2024-04-11,oaxaca capital
1409,Centro De Estudios,lic. en turismo,administracion,semi presencial,6,2024-05-24,Huajuapan
1410,Colegio De Bachilleres,lic. en biologia,derecho,presencial,10,2024-08-21,Pochutla
1411,Tecnologica Del Valle,ingenieria electronica,artes,presencial,10,2024-04-01,Salina Cruz
1412,Instituto Tecnologico,lic. en economia,salud,semi presencial,10,2024-09-24,Xoxocotlan
1413,Tecnologica Del Valle,lic. en educacion,derecho,presencial,10,2024-06-23,oaxaca capital
1414,Escuela Normal,lic. en turismo,tecnologia,semi presencial,8,2024-11-06,Tlacolula
1415,Uabjo,lic. en economia,derecho,virtual,6,2024-05-21,Huajuapan
1416,Uabjo,tec. en informatica,salud,virtual,10,2024-08-07,Huajuapan
1417,Colegio De Bachilleres,ingenieria civil,tecnologia,virtual,8,2024-07-14,Pochutla
1418,Escuela Normal,tec. en informatica,humanidades,presencial,10,2024-08-28,Salina Cruz
1419,Escuela Normal,lic. en turismo,ingenieria,semi presencial,10,2024-01-20,Pochutla
1420,Instituto Tecnologico,tec. en informatica,economia,presencial,8,2024-02-15,Pochutla
1421,Tecnologica Del Valle,lic. en derecho,ciencias sociales,virtual,6,2024-10-11,Huajuapan
1422,Colegio De Bachilleres,contabilidad,derecho,virtual,10,2024-05-22,Xoxocotlan
1423,Cecyte,ingenieria civil,economia,presencial,6,2024-10-22,Lachixio
1424,Tecnologica Del Valle,lic. en filosofia,administracion,semi presencial,10,2024-05-20,Ixtlan
1425,Tecnologica Del Valle,tec. en electronica,economia,semi presencial,10,2024-05-27,juarez
1426,Uabjo,lic. en filosofia,salud,presencial,6,2024-07-13,Lachixio
1427,Conalep,ingenieria civil,salud,virtual,8,2024-04-28,Etla
1428,Ies Oaxaca,tec en mecanica,educacion,virtual,6,2024-11-04,Tlacolula
1429,Cecyte,ingenieria electronica,administracion,semi presencial,10,2024-11-28,Ixtlan
1430,Ies Oaxaca,tec en mecanica,ingenieria,semi presencial,6,2024-06-29,Etla
1431,Tebacsso,ingenieria electronica,tecnologia,virtual,8,2024-11-04,Etla
1432,Ies Oaxaca,lic en enfermeria,salud,presencial,10,2024-07-07,Xoxocotlan
1433,Tecnologica Del Valle,lic. en comunicacion,economia,semi presencial,10,2024-11-01,Tlacolula
1434,Instituto Tecnologico,lic. en psicologia,artes,presencial,8,2024-06-08,juarez
1435,Escuela Normal,lic. en turismo,humanidades,virtual,8,2024-11-28,Tlacolula
1436,Ies Oaxaca,diseño grafico,administracion,virtual,8,2024-07-08,Etla
1437,Instituto Tecnologico,lic. en educacion,ciencias sociales,virtual,10,2024-01-29,Ixtlan
1438,Tecnologica Del Valle,tec. en electronica,economia,semi presencial,8,2024-12-12,Ixtlan
1439,Conalep,ingenieria civil,derecho,semi presencial,6,2024-01-12,Tlacolula
1440,Ujat,tec. en informatica,artes,semi presencial,10,2024-01-21,Salina Cruz
1441,Centro De Estudios,lic. en educacion,ciencias sociales,semi presencial,6,2024-05-03,Xoxocotlan
1442,Colegio De Bachilleres,tec. en electronica,salud,virtual,6,2024-10-02,Salina Cruz
1443,Ies Oaxaca,tec. en electronica,humanidades,virtual,8,2024-09-18,juarez
1444,Cecyte,lic. en comunicacion,tecnologia,presencial,6,2024-05-16,Xoxocotlan
1445,Instituto Tecnologico,lic. en filosofia,tecnologia,semi presencial,10,2024-09-06,Salina Cruz
1446,Cecyte,tec. en electronica,economia,semi presencial,8,2024-11-24,oaxaca capital
1447,Uabjo,lic. en comunicacion,derecho,presencial,6,2024-12-01,Lachixio
1448,Escuela Normal,ingenieria civil,economia,semi presencial,8,2024-01-03,Lachixio
1449,Instituto Superior,ingenieria electronica,economia,virtual,6,2024-08-22,Xoxocotlan
1450,Cecyte,lic. en comunicacion,administracion,presencial,8,2024-08-01,juarez
1451,Uabjo,lic. en filosofia,administracion,presencial,10,2024-06-23,Huajuapan
1452,Cecyte,lic. en psicologia,tecnologia,presencial,8,2024-04-16,juarez
1453,Cecyte,contabilidad,administracion,presencial,6,2024-07-01,juarez
1454,Tebacsso,lic. en turismo,ingenieria,presencial,8,2024-05-18,Lachixio
1455,Tebacsso,lic. en economia,educacion,presencial,10,2024-11-09,Etla
1456,Colegio De Bachilleres,lic. en biologia,artes,semi presencial,8,2024-05-17,Ixtlan
1457,Centro De Estudios,administracion de empresas,artes,presencial,10,2024-08-02,Salina Cruz
1458,Instituto Superior,lic. en derecho,salud,virtual,6,2024-03-31,Xoxocotlan
1459,Tebacsso,lic. en economia,salud,virtual,8,2024-05-28,oaxaca capital
1460,Conalep,lic. en psicologia,salud,virtual,10,2024-05-07,Lachixio
1461,Centro De Estudios,lic. en comunicacion,educacion,semi presencial,10,2024-04-27,Lachixio
1462,Uabjo,tec en mecanica,humanidades,semi presencial,6,2024-01-30,Huajuapan
1463,Tecnologica Del Valle,ingenieria en sistemas computacionales,humanidades,virtual,6,2024-07-13,oaxaca capital
1464,Colegio De Bachilleres,ingenieria en sistemas computacionales,tecnologia,presencial,10,2024-02-16,juarez
1465,Conalep,tec. en informatica,humanidades,semi presencial,8,2024-07-29,oaxaca capital
1466,Tecnologica Del Valle,ingenieria en sistemas computacionales,tecnologia,virtual,10,2024-11-12,Salina Cruz
1467,Cecyte,ingenieria civil,tecnologia,virtual,6,2024-03-08,Ixtlan
1468,Centro De Estudios,tec. en electronica,salud,semi presencial,6,2024-12-20,Etla
1469,Uabjo,lic. en economia,ciencias sociales,semi presencial,6,2024-03-28,oaxaca capital
1470,Centro De Estudios,tec. en informatica,administracion,virtual,10,2024-01-18,Huajuapan
1471,Ujat,contabilidad,ciencias sociales,virtual,8,2024-03-31,Etla
1472,Tebacsso,ingenieria electronica,humanidades,presencial,6,2024-12-01,Xoxocotlan
1473,Centro De Estudios,ingenieria civil,tecnologia,semi presencial,8,2024-05-07,Pochutla
1474,Centro De Estudios,contabilidad,derecho,presencial,6,2024-10-10,Huajuapan
1475,Instituto Superior,diseño grafico,economia,semi presencial,8,2024-01-10,juarez
1476,Uabjo,diseño grafico,ciencias sociales,semi presencial,8,2024-01-18,oaxaca capital
1477,Cecyte,lic. en derecho,educacion,semi presencial,10,2024-05-03,Etla
1478,Univers. Autonoma,lic. en derecho,salud,virtual,8,2024-03-21,Etla
1479,Tebacsso,lic. en economia,economia,virtual,6,2024-01-12,Lachixio
1480,Ujat,lic. en economia,derecho,virtual,6,2024-03-31,juarez
1481,Ujat,lic. en derecho,educacion,virtual,10,2024-02-29,oaxaca capital
1482,Tecnologica Del Valle,lic. en comunicacion,derecho,virtual,10,2024-11-18,Etla
1483,Ujat,tec en mecanica,ingenieria,presencial,10,2024-05-23,Tlacolula
1484,Instituto Tecnologico,lic. en derecho,economia,presencial,8,2024-05-21,oaxaca capital
1485,Colegio De Bachilleres,administracion de empresas,artes,virtual,10,2024-05-24,Salina Cruz
1486,Tebacsso,administracion de empresas,economia,presencial,8,2024-01-25,Salina Cruz
1487,Instituto Tecnologico,lic en enfermeria,economia,virtual,8,2024-03-13,Salina Cruz
1488,Uabjo,lic. en psicologia,derecho,semi presencial,6,2024-11-28,Huajuapan
1489,Univers. Autonoma,contabilidad,artes,semi presencial,6,2024-06-06,Huajuapan
1490,Centro De Estudios,contabilidad,derecho,semi presencial,6,2024-07-31,juarez
1491,Tecnologica Del Valle,lic. en biologia,administracion,virtual,10,2024-02-17,oaxaca capital
1492,Tebacsso,lic. en derecho,humanidades,semi presencial,6,2024-03-21,Tlacolula
1493,Uabjo,tec. en electronica,educacion,semi presencial,10,2024-06-11,juarez
1494,Escuela Normal,lic. en derecho,administracion,virtual,8,2024-06-01,Etla
1495,Ies Oaxaca,ingenieria electronica,derecho,virtual,6,2024-10-31,Ixtlan
1496,Colegio De Bachilleres,lic. en educacion,ciencias sociales,presencial,6,2024-04-15,Ixtlan
1497,Uabjo,tec. en electronica,ciencias sociales,semi presencial,8,2024-11-13,Tlacolula
1498,Colegio De Bachilleres,tec. en electronica,artes,virtual,6,2024-02-19,Lachixio
1499,Cecyte,ingenieria en sistemas computacionales,humanidades,virtual,8,2024-09-19,Pochutla
1500,Escuela Normal,lic. en biologia,educacion,semi presencial,6,2024-09-27,Xoxocotlan
1501,Uabjo,tec en mecanica,ciencias sociales,semi presencial,10,2024-08-29,Tlacolula
1502,Ies Oaxaca,tec. en informatica,economia,semi presencial,8,2024-11-07,Tlacolula
1503,Escuela Normal,diseño grafico,derecho,semi presencial,8,2024-03-12,Lachixio
1504,Tecnologica Del Valle,contabilidad,economia,virtual,10,2024-08-23,Etla
1505,Univers. Autonoma,administracion de empresas,economia,virtual,8,2024-07-22,Lachixio
1506,Univers. Autonoma,ingenieria civil,derecho,semi presencial,8,2024-07-29,Etla
1507,Instituto Tecnologico,lic. en comunicacion,artes,semi presencial,10,2024-04-26,Pochutla
1508,Cecyte,lic. en educacion,economia,semi presencial,10,2024-12-03,Salina Cruz
1509,Instituto Tecnologico,ingenieria civil,educacion,semi presencial,8,2024-12-05,juarez
1510,Tebacsso,tec en mecanica,economia,virtual,10,2024-12-19,Salina Cruz
1511,Escuela Normal,lic. en psicologia,artes,semi presencial,10,2024-05-10,Xoxocotlan
1512,Colegio De Bachilleres,lic en enfermeria,ingenieria,semi presencial,8,2024-01-15,juarez
1513,Colegio De Bachilleres,lic. en turismo,ciencias sociales,presencial,6,2024-11-09,Etla
1514,Centro De Estudios,ingenieria en sistemas computacionales,tecnologia,virtual,6,2024-10-17,Salina Cruz
1515,Cecyte,administracion de empresas,educacion,presencial,10,2024-07-25,Lachixio
1516,Ies Oaxaca,lic. en economia,administracion,virtual,6,2024-01-02,oaxaca capital
1517,Ies Oaxaca,contabilidad,ingenieria,virtual,10,2024-05-31,Etla
1518,Uabjo,contabilidad,derecho,semi presencial,8,2024-07-19,Xoxocotlan
1519,Centro De Estudios,lic en enfermeria,artes,virtual,8,2024-08-13,Xoxocotlan
1520,Univers. Autonoma,tec. en electronica,salud,presencial,8,2024-09-15,Pochutla
1521,Tecnologica Del Valle,lic. en biologia,ciencias sociales,presencial,8,2024-11-26,oaxaca capital
1522,Cecyte,tec. en electronica,ciencias sociales,virtual,8,2024-01-04,Etla
1523,Univers. Autonoma,lic. en biologia,administracion,virtual,10,2024-07-26,Pochutla
1524,Uabjo,lic. en derecho,economia,virtual,6,2024-02-26,oaxaca capital
1525,Uabjo,lic. en educacion,salud,virtual,10,2024-12-13,Pochutla
1526,Instituto Tecnologico,lic. en filosofia,derecho,virtual,8,2024-04-17,oaxaca capital
1527,Tebacsso,ingenieria civil,administracion,virtual,6,2024-10-24,Pochutla
1528,Escuela Normal,lic. en filosofia,humanidades,semi presencial,10,2024-11-16,Etla
1529,Tecnologica Del Valle,lic. en comunicacion,ingenieria,presencial,8,2024-07-26,Ixtlan
1530,Conalep,tec en mecanica,artes,semi presencial,10,2024-06-02,juarez
1531,Ujat,ingenieria civil,salud,semi presencial,10,2024-01-04,Salina Cruz
1532,Conalep,lic. en biologia,ingenieria,semi presencial,10,2024-02-07,Xoxocotlan
1533,Instituto Tecnologico,lic. en filosofia,derecho,semi presencial,10,2024-06-26,Xoxocotlan
1534,Uabjo,ingenieria en sistemas computacionales,derecho,presencial,6,2024-02-06,Huajuapan
1535,Ies Oaxaca,lic. en derecho,ciencias sociales,semi presencial,10,2024-09-28,juarez
1536,Univers. Autonoma,contabilidad,ciencias sociales,presencial,8,2024-07-26,Salina Cruz
1537,Instituto Superior,lic en enfermeria,derecho,semi presencial,8,2024-10-01,Etla
1538,Instituto Tecnologico,tec. en informatica,ciencias sociales,virtual,10,2024-10-21,juarez
1539,Centro De Estudios,contabilidad,salud,semi presencial,8,2024-03-31,Xoxocotlan
1540,Instituto Tecnologico,contabilidad,humanidades,virtual,8,2024-01-04,Salina Cruz
1541,Tecnologica Del Valle,contabilidad,tecnologia,virtual,8,2024-03-15,Tlacolula
1542,Tecnologica Del Valle,diseño grafico,tecnologia,virtual,6,2024-09-24,oaxaca capital
1543,Conalep,administracion de empresas,artes,semi presencial,6,2024-07-14,Salina Cruz
1544,Centro De Estudios,administracion de empresas,derecho,virtual,6,2024-08-30,Xoxocotlan
1545,Instituto Tecnologico,contabilidad,ingenieria,virtual,6,2024-04-14,Xoxocotlan
1546,Colegio De Bachilleres,contabilidad,humanidades,semi presencial,6,2024-09-15,Ixtlan
1547,Tebacsso,administracion de empresas,artes,semi presencial,6,2024-05-22,Etla
1548,Escuela Normal,lic. en economia,ingenieria,presencial,8,2024-05-06,Ixtlan
1549,Colegio De Bachilleres,ingenieria electronica,salud,presencial,10,2024-03-13,Etla
1550,Cecyte,lic. en derecho,economia,semi presencial,10,2024-08-01,oaxaca capital
1551,Instituto Tecnologico,lic. en biologia,ciencias sociales,presencial,6,2024-02-11,Pochutla
1552,Colegio De Bachilleres,ingenieria civil,salud,presencial,10,2024-08-20,Salina Cruz
1553,Cecyte,lic. en derecho,artes,semi presencial,6,2024-05-26,Lachixio
1554,Uabjo,contabilidad,tecnologia,semi presencial,6,2024-12-18,juarez
1555,Ujat,lic. en educacion,derecho,presencial,10,2024-12-17,Tlacolula
1556,Ujat,administracion de empresas,ciencias sociales,semi presencial,8,2024-12-11,Lachixio
1557,Instituto Superior,lic. en comunicacion,humanidades,presencial,8,2024-03-19,Xoxocotlan
1558,Centro De Estudios,ingenieria electronica,ciencias sociales,semi presencial,6,2024-12-08,Pochutla
1559,Ies Oaxaca,lic. en educacion,administracion,virtual,8,2024-07-05,Xoxocotlan
1560,Cecyte,lic en enfermeria,salud,semi presencial,8,2024-12-30,Pochutla
1561,Tecnologica Del Valle,lic. en educacion,economia,virtual,6,2024-02-20,Xoxocotlan
1562,Instituto Tecnologico,ingenieria civil,derecho,virtual,6,2024-05-14,Tlacolula
1563,Tecnologica Del Valle,tec en mecanica,artes,virtual,10,2024-06-08,Lachixio
1564,Centro De Estudios,tec. en informatica,salud,presencial,8,2024-06-30,Xoxocotlan
1565,Centro De Estudios,lic. en comunicacion,tecnologia,virtual,6,2024-07-13,Etla
1566,Tebacsso,ingenieria en sistemas computacionales,ingenieria,semi presencial,10,2024-11-27,Ixtlan
1567,Ies Oaxaca,ingenieria en sistemas computacionales,administracion,semi presencial,6,2024-10-16,Tlacolula
1568,Conalep,lic. en turismo,economia,semi presencial,6,2024-10-27,Huajuapan
1569,Escuela Normal,lic. en filosofia,ciencias sociales,semi presencial,6,2024-12-12,Pochutla
1570,Ujat,lic. en psicologia,educacion,presencial,6,2024-02-07,Huajuapan
1571,Colegio De Bachilleres,ingenieria electronica,salud,virtual,8,2024-11-10,oaxaca capital
1572,Tebacsso,ingenieria civil,salud,virtual,10,2024-05-14,Tlacolula
1573,Uabjo,administracion de empresas,ciencias sociales,semi presencial,6,2024-02-29,Xoxocotlan
1574,Centro De Estudios,ingenieria en sistemas computacionales,derecho,semi presencial,10,2024-08-05,Salina Cruz
1575,Colegio De Bachilleres,tec en mecanica,humanidades,semi presencial,10,2024-07-06,Tlacolula
1576,Centro De Estudios,lic. en turismo,educacion,virtual,6,2024-04-04,oaxaca capital
1577,Instituto Superior,lic. en educacion,salud,semi presencial,6,2024-06-10,oaxaca capital
1578,Instituto Tecnologico,tec en mecanica,educacion,semi presencial,10,2024-06-07,Huajuapan
1579,Ujat,ingenieria civil,administracion,semi presencial,6,2024-02-23,Xoxocotlan
1580,Ies Oaxaca,administracion de empresas,artes,semi presencial,10,2024-06-19,Xoxocotlan
1581,Conalep,lic. en economia,economia,semi presencial,8,2024-12-24,oaxaca capital
1582,Ujat,ingenieria civil,tecnologia,semi presencial,8,2024-03-12,Lachixio
1583,Instituto Superior,lic. en biologia,salud,presencial,8,2024-09-16,oaxaca capital
1584,Escuela Normal,lic. en filosofia,administracion,virtual,8,2024-06-20,Salina Cruz
1585,Ies Oaxaca,ingenieria en sistemas computacionales,educacion,semi presencial,6,2024-08-22,Lachixio
1586,Colegio De Bachilleres,tec en mecanica,humanidades,semi presencial,6,2024-06-06,Huajuapan
1587,Ujat,lic. en economia,salud,virtual,8,2024-09-18,oaxaca capital
1588,Escuela Normal,lic. en comunicacion,ciencias sociales,virtual,6,2024-05-04,Pochutla
1589,Univers. Autonoma,tec. en electronica,artes,presencial,10,2024-05-11,Tlacolula
1590,Ujat,lic. en filosofia,ingenieria,semi presencial,8,2024-04-04,Pochutla
1591,Tebacsso,diseño grafico,artes,virtual,6,2024-08-07,Lachixio
1592,Ujat,ingenieria civil,humanidades,virtual,8,2024-08-24,Pochutla
1593,Instituto Tecnologico,lic. en educacion,administracion,virtual,6,2024-11-16,Tlacolula
1594,Cecyte,tec en mecanica,economia,semi presencial,10,2024-08-09,oaxaca capital
1595,Tecnologica Del Valle,contabilidad,educacion,semi presencial,10,2024-01-22,Etla
1596,Instituto Superior,lic. en biologia,humanidades,presencial,6,2024-05-02,Ixtlan
1597,Escuela Normal,lic en enfermeria,salud,semi presencial,6,2024-11-29,Huajuapan
1598,Uabjo,lic. en turismo,humanidades,virtual,8,2024-11-14,oaxaca capital
1599,Instituto Superior,lic. en educacion,artes,presencial,8,2024-08-09,Ixtlan
1600,Colegio De Bachilleres,lic. en derecho,ingenieria,virtual,8,2024-07-11,Tlacolula
1601,Uabjo,ingenieria electronica,derecho,virtual,6,2024-09-10,Pochutla
1602,Escuela Normal,diseño grafico,economia,virtual,10,2024-11-20,Huajuapan
1603,Uabjo,ingenieria electronica,derecho,semi presencial,8,2024-01-28,Ixtlan
1604,Uabjo,lic en enfermeria,economia,virtual,8,2024-10-21,Ixtlan
1605,Ujat,lic en enfermeria,salud,presencial,10,2024-08-04,Salina Cruz
1606,Ies Oaxaca,lic. en psicologia,salud,presencial,10,2024-06-26,Huajuapan
1607,Ujat,lic. en filosofia,ciencias sociales,semi presencial,8,2024-09-14,Huajuapan
1608,Centro De Estudios,contabilidad,economia,semi presencial,8,2024-09-03,Lachixio
1609,Conalep,lic. en filosofia,ciencias sociales,presencial,8,2024-07-17,Salina Cruz
1610,Centro De Estudios,lic en enfermeria,derecho,semi presencial,10,2024-01-17,Ixtlan
1611,Colegio De Bachilleres,diseño grafico,administracion,semi presencial,8,2024-01-03,Xoxocotlan
1612,Instituto Tecnologico,lic. en derecho,humanidades,presencial,10,2024-02-09,Tlacolula
1613,Uabjo,diseño grafico,salud,presencial,10,2024-03-31,Ixtlan
1614,Instituto Tecnologico,diseño grafico,tecnologia,presencial,6,2024-04-28,Pochutla
1615,Conalep,lic. en turismo,educacion,presencial,6,2024-07-03,Lachixio
1616,Conalep,diseño grafico,ciencias sociales,virtual,6,2024-02-12,Pochutla
1617,Escuela Normal,ingenieria en sistemas computacionales,derecho,semi presencial,10,2024-10-03,Xoxocotlan
1618,Conalep,administracion de empresas,educacion,presencial,10,2024-04-25,Lachixio
1619,Tecnologica Del Valle,ingenieria en sistemas computacionales,economia,virtual,8,2024-03-06,Pochutla
1620,Colegio De Bachilleres,ingenieria en sistemas computacionales,derecho,virtual,8,2024-10-25,oaxaca capital
1621,Ies Oaxaca,lic. en biologia,administracion,semi presencial,10,2024-11-18,Lachixio
1622,Colegio De Bachilleres,diseño grafico,ingenieria,semi presencial,6,2024-04-23,Xoxocotlan
1623,Univers. Autonoma,lic. en comunicacion,humanidades,virtual,8,2024-05-19,Etla
1624,Cecyte,lic. en economia,derecho,virtual,6,2024-06-25,Xoxocotlan
1625,Escuela Normal,diseño grafico,derecho,semi presencial,8,2024-06-20,oaxaca capital
1626,Escuela Normal,lic. en economia,salud,virtual,6,2024-02-21,oaxaca capital
1627,Centro De Estudios,ingenieria civil,ciencias sociales,virtual,6,2024-07-26,Salina Cruz
1628,Uabjo,tec. en informatica,administracion,semi presencial,6,2024-12-12,Huajuapan
1629,Instituto Tecnologico,administracion de empresas,derecho,presencial,8,2024-09-09,Tlacolula
1630,Tecnologica Del Valle,lic. en economia,artes,presencial,6,2024-05-20,Xoxocotlan
1631,Tebacsso,ingenieria civil,administracion,semi presencial,6,2024-01-18,Ixtlan
1632,Tecnologica Del Valle,lic en enfermeria,ingenieria,semi presencial,10,2024-03-14,Lachixio
1633,Instituto Superior,lic. en economia,humanidades,presencial,10,2024-11-02,Etla
1634,Centro De Estudios,tec en mecanica,administracion,semi presencial,8,2024-10-11,Huajuapan
1635,Ies Oaxaca,contabilidad,artes,presencial,10,2024-09-03,Ixtlan
1636,Ies Oaxaca,administracion de empresas,tecnologia,semi presencial,6,2024-05-31,Tlacolula
1637,Univers. Autonoma,ingenieria electronica,derecho,virtual,10,2024-07-09,oaxaca capital
1638,Tebacsso,lic. en psicologia,economia,semi presencial,10,2024-07-28,Tlacolula
1639,Colegio De Bachilleres,lic en enfermeria,ingenieria,presencial,8,2024-03-26,Ixtlan
1640,Ujat,contabilidad,humanidades,presencial,8,2024-06-02,Xoxocotlan
1641,Cecyte,lic. en economia,administracion,semi presencial,6,2024-07-04,oaxaca capital
1642,Instituto Tecnologico,lic. en derecho,ingenieria,semi presencial,10,2024-05-18,Etla
1643,Tebacsso,tec. en informatica,administracion,semi presencial,10,2024-02-02,Etla
1644,Instituto Tecnologico,lic. en psicologia,administracion,presencial,10,2024-07-30,Tlacolula
1645,Centro De Estudios,ingenieria civil,salud,presencial,10,2024-11-06,Lachixio
1646,Instituto Superior,tec en mecanica,tecnologia,semi presencial,10,2024-01-03,Salina Cruz
1647,Instituto Superior,lic. en biologia,economia,virtual,8,2024-08-12,Lachixio
1648,Univers. Autonoma,tec. en electronica,ingenieria,presencial,6,2024-12-12,juarez
1649,Colegio De Bachilleres,lic. en turismo,derecho,presencial,8,2024-11-04,juarez
1650,Uabjo,lic. en biologia,educacion,presencial,10,2024-01-26,Pochutla
1651,Tebacsso,lic. en economia,ingenieria,virtual,10,2024-08-23,oaxaca capital
1652,Cecyte,lic en enfermeria,ingenieria,presencial,10,2024-01-10,Etla
1653,Escuela Normal,lic. en derecho,educacion,presencial,6,2024-09-17,Salina Cruz
1654,Tebacsso,tec en mecanica,administracion,virtual,6,2024-05-07,Huajuapan
1655,Colegio De Bachilleres,lic. en filosofia,artes,presencial,8,2024-04-30,Huajuapan
1656,Ujat,tec en mecanica,tecnologia,virtual,6,2024-04-10,juarez
1657,Univers. Autonoma,lic. en educacion,tecnologia,semi presencial,8,2024-01-06,Pochutla
1658,Tecnologica Del Valle,lic. en biologia,educacion,semi presencial,6,2024-07-09,Etla
1659,Tecnologica Del Valle,tec en mecanica,economia,virtual,6,2024-05-19,Ixtlan
1660,Escuela Normal,lic. en turismo,artes,semi presencial,10,2024-08-15,Huajuapan
1661,Univers. Autonoma,administracion de empresas,artes,presencial,8,2024-06-19,Huajuapan
1662,Cecyte,contabilidad,artes,semi presencial,8,2024-11-19,Huajuapan
1663,Univers. Autonoma,lic. en derecho,ciencias sociales,presencial,8,2024-04-10,Tlacolula
1664,Tecnologica Del Valle,lic en enfermeria,derecho,semi presencial,8,2024-12-11,Salina Cruz
1665,Ies Oaxaca,ingenieria en sistemas computacionales,derecho,semi presencial,6,2024-03-03,Pochutla
1666,Tecnologica Del Valle,lic. en derecho,artes,virtual,8,2024-03-17,oaxaca capital
1667,Conalep,lic en enfermeria,artes,semi presencial,6,2024-02-17,Lachixio
1668,Conalep,ingenieria en sistemas computacionales,ciencias sociales,presencial,10,2024-07-14,juarez
1669,Univers. Autonoma,ingenieria en sistemas computacionales,administracion,presencial,10,2024-10-20,Huajuapan
1670,Instituto Tecnologico,lic. en economia,derecho,semi presencial,6,2024-02-20,Huajuapan
1671,Ies Oaxaca,tec. en electronica,ingenieria,semi presencial,6,2024-05-03,Tlacolula
1672,Tecnologica Del Valle,administracion de empresas,ingenieria,presencial,10,2024-02-23,Salina Cruz
1673,Ujat,administracion de empresas,salud,semi presencial,8,2024-06-04,Xoxocotlan
1674,Ies Oaxaca,lic. en educacion,salud,virtual,6,2024-01-01,Lachixio
1675,Cecyte,lic. en biologia,derecho,semi presencial,6,2024-12-08,oaxaca capital
1676,Escuela Normal,lic en enfermeria,administracion,virtual,8,2024-02-11,Etla
1677,Ies Oaxaca,tec. en informatica,tecnologia,semi presencial,8,2024-01-16,Etla
1678,Ujat,lic. en turismo,derecho,virtual,6,2024-12-26,juarez
1679,Centro De Estudios,lic. en comunicacion,derecho,presencial,8,2024-05-26,Lachixio
1680,Univers. Autonoma,lic. en comunicacion,humanidades,virtual,10,2024-09-03,Ixtlan
1681,Tebacsso,ingenieria electronica,ingenieria,presencial,6,2024-11-24,Pochutla
1682,Univers. Autonoma,administracion de empresas,educacion,virtual,6,2024-06-14,Huajuapan
1683,Escuela Normal,administracion de empresas,humanidades,semi presencial,10,2024-12-29,Huajuapan
1684,Instituto Tecnologico,lic en enfermeria,humanidades,presencial,6,2024-04-26,Salina Cruz
1685,Instituto Tecnologico,lic. en turismo,artes,virtual,8,2024-01-01,Salina Cruz
1686,Instituto Tecnologico,contabilidad,ciencias sociales,virtual,10,2024-03-18,Etla
1687,Escuela Normal,ingenieria civil,ingenieria,presencial,8,2024-02-29,Etla
1688,Ujat,ingenieria en sistemas computacionales,derecho,virtual,8,2024-07-23,Pochutla
1689,Ujat,ingenieria civil,ingenieria,virtual,8,2024-12-18,Pochutla
1690,Colegio De Bachilleres,tec. en electronica,artes,semi presencial,8,2024-04-28,Etla
1691,Escuela Normal,lic. en economia,salud,presencial,6,2024-03-25,Salina Cruz
1692,Conalep,tec. en informatica,tecnologia,virtual,6,2024-01-31,Pochutla
1693,Tebacsso,lic. en economia,economia,virtual,10,2024-10-06,Huajuapan
1694,Centro De Estudios,lic. en derecho,ingenieria,semi presencial,8,2024-09-05,oaxaca capital
1695,Instituto Superior,lic. en biologia,artes,semi presencial,6,2024-08-22,juarez
1696,Uabjo,lic en enfermeria,tecnologia,virtual,8,2024-08-06,oaxaca capital
1697,Tebacsso,lic. en derecho,economia,semi presencial,8,2024-04-23,Salina Cruz
1698,Escuela Normal,lic. en psicologia,ingenieria,virtual,10,2024-01-18,Xoxocotlan
1699,Cecyte,administracion de empresas,administracion,virtual,8,2024-03-17,Pochutla
1700,Uabjo,ingenieria civil,salud,semi presencial,6,2024-11-07,Xoxocotlan
1701,Centro De Estudios,diseño grafico,ciencias sociales,semi presencial,6,2024-11-06,oaxaca capital
1702,Cecyte,contabilidad,humanidades,semi presencial,8,2024-01-07,Lachixio
1703,Ies Oaxaca,lic. en derecho,tecnologia,virtual,6,2024-12-18,Etla
1704,Tebacsso,lic. en turismo,educacion,presencial,8,2024-12-16,Huajuapan
1705,Uabjo,lic. en derecho,economia,presencial,6,2024-01-05,Huajuapan
1706,Tecnologica Del Valle,lic. en educacion,derecho,virtual,8,2024-03-02,Tlacolula
1707,Tebacsso,ingenieria electronica,derecho,presencial,6,2024-05-30,Xoxocotlan
1708,Univers. Autonoma,contabilidad,salud,virtual,10,2024-06-04,Etla
1709,Cecyte,diseño grafico,artes,virtual,8,2024-03-25,Huajuapan
1710,Ies Oaxaca,ingenieria civil,economia,virtual,10,2024-09-01,oaxaca capital
1711,Escuela Normal,contabilidad,administracion,presencial,10,2024-02-21,Ixtlan
1712,Univers. Autonoma,lic. en filosofia,tecnologia,semi presencial,8,2024-05-31,Etla
1713,Instituto Superior,lic en enfermeria,humanidades,virtual,10,2024-03-06,Xoxocotlan
1714,Conalep,lic en enfermeria,artes,presencial,8,2024-12-11,Salina Cruz
1715,Colegio De Bachilleres,lic. en turismo,ciencias sociales,virtual,6,2024-04-27,oaxaca capital
1716,Instituto Tecnologico,lic. en psicologia,administracion,presencial,8,2024-04-15,Ixtlan
1717,Instituto Superior,lic en enfermeria,humanidades,semi presencial,6,2024-06-08,Tlacolula
1718,Ies Oaxaca,diseño grafico,artes,virtual,6,2024-03-22,Huajuapan
1719,Centro De Estudios,lic. en derecho,humanidades,virtual,8,2024-04-08,Tlacolula
1720,Conalep,lic. en educacion,ingenieria,virtual,10,2024-11-01,Tlacolula
1721,Ujat,lic. en educacion,administracion,presencial,8,2024-10-10,Etla
1722,Ies Oaxaca,lic. en educacion,ciencias sociales,presencial,10,2024-12-20,Lachixio
1723,Cecyte,diseño grafico,salud,presencial,8,2024-07-09,Xoxocotlan
1724,Uabjo,lic. en psicologia,tecnologia,presencial,10,2024-03-23,juarez
1725,Ujat,diseño grafico,ciencias sociales,presencial,10,2024-01-20,Etla
1726,Colegio De Bachilleres,tec en mecanica,salud,virtual,10,2024-03-20,Tlacolula
1727,Instituto Tecnologico,lic en enfermeria,economia,virtual,10,2024-10-27,Huajuapan
1728,Tecnologica Del Valle,tec en mecanica,ingenieria,presencial,10,2024-12-01,Pochutla
1729,Colegio De Bachilleres,lic en enfermeria,artes,semi presencial,10,2024-10-28,oaxaca capital
1730,Univers. Autonoma,lic. en biologia,humanidades,virtual,8,2024-05-04,Salina Cruz
1731,Centro De Estudios,ingenieria civil,administracion,virtual,6,2024-10-10,Xoxocotlan
1732,Tebacsso,lic. en educacion,ingenieria,semi presencial,6,2024-01-21,Etla
1733,Uabjo,tec. en electronica,administracion,presencial,6,2024-08-16,Lachixio
1734,Centro De Estudios,contabilidad,humanidades,semi presencial,6,2024-03-16,oaxaca capital
1735,Instituto Tecnologico,lic. en psicologia,ingenieria,virtual,8,2024-09-02,Salina Cruz
1736,Univers. Autonoma,lic. en derecho,ingenieria,virtual,10,2024-09-02,oaxaca capital
1737,Instituto Superior,lic en enfermeria,educacion,presencial,10,2024-01-01,Lachixio
1738,Cecyte,lic. en economia,tecnologia,semi presencial,10,2024-11-10,Ixtlan
1739,Instituto Superior,lic. en derecho,humanidades,semi presencial,10,2024-03-24,Xoxocotlan
1740,Centro De Estudios,ingenieria civil,tecnologia,semi presencial,6,2024-05-29,Lachixio
1741,Escuela Normal,lic. en turismo,economia,presencial,10,2024-02-04,Huajuapan
1742,Instituto Superior,lic en enfermeria,humanidades,presencial,10,2024-06-15,oaxaca capital
1743,Colegio De Bachilleres,lic. en psicologia,artes,presencial,8,2024-06-19,Salina Cruz
1744,Centro De Estudios,diseño grafico,tecnologia,presencial,10,2024-06-25,Ixtlan
1745,Tecnologica Del Valle,lic. en filosofia,artes,virtual,8,2024-08-26,Xoxocotlan
1746,Instituto Tecnologico,lic. en filosofia,derecho,semi presencial,10,2024-08-30,Etla
1747,Ies Oaxaca,lic. en educacion,salud,presencial,10,2024-10-08,oaxaca capital
1748,Instituto Superior,lic. en educacion,administracion,semi presencial,8,2024-09-21,Lachixio
1749,Uabjo,lic. en turismo,salud,virtual,10,2024-03-21,Xoxocotlan
1750,Uabjo,lic. en turismo,salud,presencial,6,2024-12-24,Salina Cruz
1751,Instituto Superior,lic. en psicologia,artes,semi presencial,8,2024-11-18,oaxaca capital
1752,Cecyte,contabilidad,derecho,virtual,8,2024-07-23,Huajuapan
1753,Univers. Autonoma,lic. en economia,ingenieria,presencial,6,2024-02-29,Lachixio
1754,Ies Oaxaca,lic. en derecho,artes,presencial,6,2024-07-31,oaxaca capital
1755,Tecnologica Del Valle,ingenieria electronica,humanidades,presencial,10,2024-10-29,Etla
1756,Ujat,diseño grafico,artes,presencial,10,2024-02-27,oaxaca capital
1757,Instituto Superior,lic. en derecho,ingenieria,virtual,10,2024-06-05,Etla
1758,Univers. Autonoma,contabilidad,ciencias sociales,presencial,8,2024-10-16,juarez
1759,Ujat,lic. en educacion,humanidades,presencial,10,2024-10-28,Lachixio
1760,Conalep,lic. en economia,humanidades,presencial,10,2024-12-29,Lachixio
1761,Tecnologica Del Valle,ingenieria civil,tecnologia,semi presencial,10,2024-07-15,Lachixio
1762,Instituto Tecnologico,lic. en educacion,derecho,semi presencial,6,2024-07-23,oaxaca capital
1763,Instituto Superior,lic. en biologia,derecho,presencial,10,2024-02-11,Lachixio
1764,Colegio De Bachilleres,lic. en psicologia,economia,presencial,6,2024-05-11,Salina Cruz
1765,Centro De Estudios,lic. en educacion,economia,semi presencial,8,2024-01-14,juarez
1766,Tebacsso,lic. en educacion,economia,virtual,8,2024-12-15,juarez
1767,Cecyte,diseño grafico,salud,virtual,8,2024-06-18,Pochutla
1768,Univers. Autonoma,lic. en filosofia,artes,semi presencial,6,2024-11-02,Tlacolula
1769,Instituto Tecnologico,lic. en educacion,ciencias sociales,semi presencial,6,2024-12-22,Tlacolula
1770,Instituto Tecnologico,lic. en derecho,ingenieria,semi presencial,8,2024-04-01,Lachixio
1771,Tebacsso,administracion de empresas,ciencias sociales,semi presencial,8,2024-06-03,Huajuapan
1772,Instituto Tecnologico,ingenieria electronica,derecho,presencial,10,2024-11-15,Xoxocotlan
1773,Ies Oaxaca,lic. en economia,humanidades,semi presencial,6,2024-05-28,juarez
1774,Escuela Normal,administracion de empresas,tecnologia,virtual,6,2024-11-29,Pochutla
1775,Colegio De Bachilleres,lic. en economia,salud,semi presencial,10,2024-11-08,Etla
1776,Univers. Autonoma,lic. en economia,economia,semi presencial,10,2024-12-23,Ixtlan
1777,Instituto Tecnologico,tec en mecanica,tecnologia,virtual,6,2024-04-27,Ixtlan
1778,Instituto Tecnologico,tec. en informatica,ingenieria,presencial,10,2024-07-07,Pochutla
1779,Escuela Normal,contabilidad,administracion,virtual,8,2024-11-07,Pochutla
1780,Escuela Normal,contabilidad,derecho,virtual,6,2024-07-07,Ixtlan
1781,Cecyte,ingenieria civil,ingenieria,presencial,6,2024-09-24,Pochutla
1782,Conalep,tec en mecanica,tecnologia,virtual,6,2024-02-29,Tlacolula
1783,Centro De Estudios,administracion de empresas,economia,virtual,8,2024-03-17,Pochutla
1784,Instituto Superior,lic. en biologia,economia,semi presencial,6,2024-10-04,Salina Cruz
1785,Colegio De Bachilleres,tec en mecanica,tecnologia,presencial,10,2024-05-11,oaxaca capital
1786,Tecnologica Del Valle,lic en enfermeria,ingenieria,virtual,10,2024-08-13,Tlacolula
1787,Escuela Normal,diseño grafico,ciencias sociales,presencial,8,2024-06-30,Pochutla
1788,Cecyte,lic. en comunicacion,educacion,virtual,6,2024-08-04,Pochutla
1789,Ies Oaxaca,lic. en filosofia,ciencias sociales,virtual,10,2024-05-05,Pochutla
1790,Tecnologica Del Valle,contabilidad,tecnologia,presencial,10,2024-07-31,Salina Cruz
1791,Instituto Tecnologico,lic en enfermeria,educacion,presencial,10,2024-09-21,oaxaca capital
1792,Ies Oaxaca,lic. en economia,derecho,presencial,6,2024-08-09,oaxaca capital
1793,Ujat,ingenieria electronica,tecnologia,semi presencial,6,2024-05-08,Lachixio
1794,Tecnologica Del Valle,administracion de empresas,ciencias sociales,virtual,8,2024-09-04,Tlacolula
1795,Tebacsso,lic. en psicologia,educacion,virtual,10,2024-05-15,Pochutla
1796,Uabjo,ingenieria civil,educacion,semi presencial,10,2024-04-04,Pochutla
1797,Ujat,ingenieria civil,ciencias sociales,virtual,6,2024-08-27,Xoxocotlan
1798,Ujat,tec en mecanica,ciencias sociales,presencial,8,2024-01-03,Lachixio
1799,Ies Oaxaca,ingenieria en sistemas computacionales,ingenieria,semi presencial,8,2024-09-21,Salina Cruz
1800,Instituto Superior,tec. en informatica,artes,semi presencial,6,2024-03-21,oaxaca capital
1801,Cecyte,tec. en electronica,economia,virtual,6,2024-12-20,Xoxocotlan
1802,Tebacsso,administracion de empresas,ciencias sociales,virtual,10,2024-03-25,Huajuapan
1803,Cecyte,tec. en informatica,derecho,semi presencial,8,2024-01-18,Huajuapan
1804,Escuela Normal,lic. en turismo,economia,presencial,8,2024-02-23,Tlacolula
1805,Colegio De Bachilleres,contabilidad,derecho,presencial,8,2024-02-15,juarez
1806,Cecyte,diseño grafico,ciencias sociales,presencial,8,2024-06-08,Lachixio
1807,Instituto Superior,contabilidad,ciencias sociales,virtual,6,2024-03-29,Tlacolula
1808,Univers. Autonoma,lic. en turismo,ingenieria,presencial,10,2024-07-16,Etla
1809,Conalep,tec en mecanica,humanidades,presencial,6,2024-02-13,Lachixio
1810,Uabjo,lic. en derecho,humanidades,semi presencial,8,2024-07-09,Lachixio
1811,Escuela Normal,lic. en turismo,educacion,presencial,6,2024-04-17,Lachixio
1812,Escuela Normal,lic. en educacion,economia,virtual,8,2024-08-22,Tlacolula
1813,Escuela Normal,diseño grafico,educacion,presencial,10,2024-07-24,juarez
1814,Instituto Tecnologico,tec. en electronica,artes,virtual,8,2024-02-06,Huajuapan
1815,Tebacsso,lic en enfermeria,ingenieria,semi presencial,10,2024-05-11,Pochutla
1816,Instituto Superior,contabilidad,tecnologia,semi presencial,10,2024-03-05,Etla
1817,Colegio De Bachilleres,administracion de empresas,artes,presencial,8,2024-12-23,Lachixio
1818,Ujat,lic. en psicologia,educacion,semi presencial,8,2024-03-27,Lachixio
1819,Escuela Normal,tec. en electronica,educacion,semi presencial,10,2024-03-23,Lachixio
1820,Ies Oaxaca,ingenieria civil,salud,semi presencial,8,2024-11-10,Salina Cruz
1821,Univers. Autonoma,diseño grafico,tecnologia,virtual,8,2024-02-24,Pochutla
1822,Colegio De Bachilleres,lic. en filosofia,tecnologia,semi presencial,10,2024-10-19,Lachixio
1823,Instituto Tecnologico,lic. en educacion,economia,virtual,10,2024-03-24,Etla
1824,Tecnologica Del Valle,tec. en electronica,ingenieria,presencial,6,2024-10-10,Xoxocotlan
1825,Ujat,administracion de empresas,tecnologia,virtual,10,2024-09-12,Etla
1826,Instituto Tecnologico,lic. en psicologia,derecho,presencial,8,2024-05-27,juarez
1827,Instituto Tecnologico,contabilidad,salud,virtual,6,2024-03-17,juarez
1828,Centro De Estudios,lic. en psicologia,economia,presencial,10,2024-03-04,Salina Cruz
1829,Instituto Superior,lic. en filosofia,ciencias sociales,virtual,6,2024-05-05,Etla
1830,Ies Oaxaca,ingenieria civil,ingenieria,presencial,8,2024-03-19,Pochutla
1831,Ies Oaxaca,ingenieria electronica,salud,presencial,10,2024-12-13,Lachixio
1832,Ujat,contabilidad,ciencias sociales,virtual,8,2024-06-07,Ixtlan
1833,Ies Oaxaca,tec. en electronica,ciencias sociales,semi presencial,10,2024-05-12,Salina Cruz
1834,Tecnologica Del Valle,lic. en derecho,artes,virtual,6,2024-10-11,Pochutla
1835,Centro De Estudios,lic. en psicologia,derecho,presencial,6,2024-08-11,oaxaca capital
1836,Ies Oaxaca,ingenieria civil,derecho,semi presencial,6,2024-07-24,Xoxocotlan
1837,Tebacsso,tec. en electronica,ingenieria,presencial,10,2024-01-03,Tlacolula
1838,Colegio De Bachilleres,tec. en informatica,educacion,semi presencial,6,2024-08-04,Lachixio
1839,Centro De Estudios,lic. en derecho,salud,virtual,8,2024-05-29,Tlacolula
1840,Instituto Tecnologico,lic. en educacion,administracion,presencial,8,2024-10-12,Etla
1841,Uabjo,lic. en filosofia,ciencias sociales,semi presencial,8,2024-05-12,Huajuapan
1842,Instituto Superior,diseño grafico,economia,semi presencial,10,2024-01-14,Pochutla
1843,Instituto Tecnologico,lic en enfermeria,educacion,semi presencial,10,2024-04-07,Tlacolula
1844,Tecnologica Del Valle,lic. en psicologia,economia,semi presencial,8,2024-11-27,oaxaca capital
1845,Ujat,lic. en economia,ciencias sociales,virtual,8,2024-02-17,juarez
1846,Univers. Autonoma,ingenieria civil,tecnologia,virtual,10,2024-08-06,Ixtlan
1847,Uabjo,ingenieria electronica,administracion,virtual,6,2024-03-12,oaxaca capital
1848,Uabjo,lic. en educacion,artes,semi presencial,8,2024-05-29,juarez
1849,Tebacsso,tec en mecanica,artes,semi presencial,8,2024-02-22,Pochutla
1850,Centro De Estudios,ingenieria en sistemas computacionales,educacion,virtual,8,2024-03-18,Huajuapan
1851,Ies Oaxaca,lic. en biologia,artes,virtual,8,2024-02-13,Pochutla
1852,Tecnologica Del Valle,tec. en electronica,ciencias sociales,virtual,10,2024-09-09,juarez
1853,Instituto Tecnologico,tec en mecanica,administracion,presencial,6,2024-07-20,Lachixio
1854,Colegio De Bachilleres,contabilidad,tecnologia,virtual,6,2024-03-26,oaxaca capital
1855,Ies Oaxaca,ingenieria civil,ciencias sociales,virtual,8,2024-05-28,Xoxocotlan
1856,Cecyte,lic. en educacion,humanidades,presencial,10,2024-12-28,Ixtlan
1857,Ujat,tec. en informatica,administracion,presencial,6,2024-02-27,Lachixio
1858,Escuela Normal,tec en mecanica,derecho,semi presencial,6,2024-02-21,Salina Cruz
1859,Tecnologica Del Valle,lic. en turismo,salud,semi presencial,10,2024-05-05,Tlacolula
1860,Colegio De Bachilleres,administracion de empresas,humanidades,virtual,10,2024-10-08,Lachixio
1861,Tebacsso,lic. en filosofia,artes,presencial,8,2024-06-29,Ixtlan
1862,Conalep,ingenieria en sistemas computacionales,administracion,virtual,10,2024-04-10,Salina Cruz
1863,Uabjo,lic. en comunicacion,salud,semi presencial,6,2024-03-02,Ixtlan
1864,Conalep,lic. en educacion,ciencias sociales,virtual,8,2024-04-26,Ixtlan
1865,Tecnologica Del Valle,lic. en filosofia,economia,virtual,8,2024-07-20,juarez
1866,Instituto Tecnologico,lic. en derecho,ingenieria,semi presencial,10,2024-10-22,Pochutla
1867,Ujat,lic. en educacion,artes,semi presencial,8,2024-10-17,juarez
1868,Conalep,lic. en educacion,humanidades,virtual,8,2024-03-07,Etla
1869,Ies Oaxaca,tec. en informatica,ingenieria,semi presencial,10,2024-06-09,Salina Cruz
1870,Escuela Normal,ingenieria electronica,economia,presencial,8,2024-06-06,Lachixio
1871,Escuela Normal,tec. en electronica,humanidades,presencial,10,2024-05-10,Tlacolula
1872,Tecnologica Del Valle,lic. en derecho,ingenieria,virtual,6,2024-04-28,Salina Cruz
1873,Instituto Superior,lic. en filosofia,educacion,semi presencial,10,2024-03-29,Etla
1874,Uabjo,lic. en filosofia,derecho,presencial,8,2024-12-27,Lachixio
1875,Ujat,lic. en turismo,humanidades,virtual,10,2024-09-11,Xoxocotlan
1876,Centro De Estudios,tec en mecanica,ciencias sociales,virtual,6,2024-02-16,Xoxocotlan
1877,Ujat,tec. en informatica,administracion,virtual,8,2024-12-18,Lachixio
1878,Centro De Estudios,lic. en biologia,artes,semi presencial,6,2024-12-23,Huajuapan
1879,Tebacsso,lic. en derecho,ingenieria,presencial,10,2024-12-23,Pochutla
1880,Conalep,tec. en electronica,economia,semi presencial,8,2024-02-06,Pochutla
1881,Escuela Normal,contabilidad,educacion,presencial,10,2024-05-13,Tlacolula
1882,Instituto Tecnologico,tec en mecanica,tecnologia,virtual,8,2024-04-28,Ixtlan
1883,Instituto Tecnologico,lic. en turismo,ingenieria,virtual,10,2024-04-06,Salina Cruz
1884,Uabjo,lic. en educacion,ingenieria,presencial,6,2024-09-05,Tlacolula
1885,Instituto Superior,lic. en comunicacion,ingenieria,presencial,10,2024-04-22,Salina Cruz
1886,Instituto Superior,tec. en electronica,economia,virtual,8,2024-05-10,Ixtlan
1887,Instituto Tecnologico,contabilidad,ingenieria,presencial,6,2024-12-31,Salina Cruz
1888,Uabjo,tec. en informatica,educacion,semi presencial,8,2024-09-05,juarez
1889,Univers. Autonoma,lic. en comunicacion,economia,semi presencial,8,2024-08-14,Pochutla
1890,Colegio De Bachilleres,lic. en biologia,ciencias sociales,semi presencial,6,2024-03-06,Etla
1891,Centro De Estudios,tec. en informatica,ciencias sociales,semi presencial,6,2024-02-08,Pochutla
1892,Uabjo,lic. en derecho,derecho,virtual,10,2024-02-01,Etla
1893,Instituto Tecnologico,lic. en filosofia,humanidades,virtual,8,2024-01-25,Lachixio
1894,Centro De Estudios,diseño grafico,ingenieria,presencial,6,2024-11-17,Pochutla
1895,Univers. Autonoma,lic. en filosofia,tecnologia,virtual,10,2024-11-09,Pochutla
1896,Escuela Normal,tec en mecanica,tecnologia,semi presencial,8,2024-03-23,Ixtlan
1897,Cecyte,diseño grafico,tecnologia,semi presencial,8,2024-03-10,Salina Cruz
1898,Cecyte,lic. en biologia,tecnologia,presencial,10,2024-06-17,Etla
1899,Centro De Estudios,tec. en electronica,administracion,semi presencial,6,2024-09-28,Xoxocotlan
1900,Uabjo,contabilidad,economia,semi presencial,6,2024-11-13,Salina Cruz
1901,Escuela Normal,lic. en biologia,tecnologia,presencial,10,2024-06-11,Salina Cruz
1902,Conalep,lic. en psicologia,salud,presencial,8,2024-10-15,oaxaca capital
1903,Centro De Estudios,lic en enfermeria,humanidades,virtual,10,2024-04-22,juarez
1904,Instituto Superior,administracion de empresas,administracion,virtual,8,2024-11-07,Ixtlan
1905,Tebacsso,lic. en comunicacion,economia,semi presencial,8,2024-07-22,Pochutla
1906,Uabjo,tec. en informatica,ciencias sociales,semi presencial,6,2024-10-01,Salina Cruz
1907,Uabjo,ingenieria electronica,educacion,presencial,6,2024-06-10,Etla
1908,Uabjo,ingenieria civil,salud,virtual,6,2024-07-21,Tlacolula
1909,Centro De Estudios,tec. en electronica,humanidades,virtual,8,2024-05-13,Lachixio
1910,Tebacsso,ingenieria en sistemas computacionales,salud,semi presencial,10,2024-05-30,Lachixio
1911,Uabjo,administracion de empresas,humanidades,semi presencial,6,2024-07-01,Huajuapan
1912,Tecnologica Del Valle,ingenieria en sistemas computacionales,educacion,presencial,8,2024-05-10,Salina Cruz
1913,Uabjo,tec. en electronica,derecho,presencial,10,2024-10-03,Lachixio
1914,Tecnologica Del Valle,tec. en electronica,administracion,presencial,6,2024-03-24,Xoxocotlan
1915,Tebacsso,ingenieria en sistemas computacionales,tecnologia,virtual,10,2024-07-11,Ixtlan
1916,Ujat,lic. en derecho,derecho,virtual,10,2024-12-20,Etla
1917,Centro De Estudios,lic. en filosofia,administracion,semi presencial,10,2024-10-06,Pochutla
1918,Tebacsso,ingenieria civil,administracion,presencial,6,2024-07-14,Xoxocotlan
1919,Escuela Normal,lic. en derecho,salud,semi presencial,8,2024-01-25,Pochutla
1920,Escuela Normal,lic. en psicologia,economia,presencial,10,2024-08-27,Lachixio
1921,Centro De Estudios,ingenieria electronica,educacion,presencial,6,2024-08-16,Tlacolula
1922,Uabjo,diseño grafico,ingenieria,virtual,8,2024-07-07,Etla
1923,Uabjo,ingenieria civil,derecho,virtual,8,2024-10-13,juarez
1924,Instituto Tecnologico,lic. en derecho,educacion,presencial,8,2024-03-18,Lachixio
1925,Ies Oaxaca,contabilidad,economia,virtual,8,2024-01-07,Etla
1926,Tebacsso,ingenieria electronica,artes,virtual,10,2024-04-03,oaxaca capital
1927,Ies Oaxaca,tec. en informatica,ingenieria,semi presencial,10,2024-04-08,Salina Cruz
1928,Escuela Normal,lic en enfermeria,artes,semi presencial,10,2024-02-10,Salina Cruz
1929,Colegio De Bachilleres,lic. en derecho,economia,presencial,8,2024-08-08,Lachixio
1930,Instituto Superior,lic. en comunicacion,salud,presencial,8,2024-03-17,Tlacolula
1931,Univers. Autonoma,tec. en electronica,derecho,presencial,6,2024-11-03,Ixtlan
1932,Centro De Estudios,diseño grafico,ciencias sociales,virtual,8,2024-09-03,Huajuapan
1933,Conalep,lic. en biologia,derecho,presencial,10,2024-10-23,Lachixio
1934,Escuela Normal,lic. en economia,economia,virtual,8,2024-08-09,oaxaca capital
1935,Uabjo,lic. en filosofia,educacion,semi presencial,6,2024-12-18,Ixtlan
1936,Ies Oaxaca,administracion de empresas,salud,presencial,6,2024-04-08,Tlacolula
1937,Cecyte,lic. en filosofia,tecnologia,semi presencial,8,2024-12-09,Huajuapan
1938,Conalep,diseño grafico,tecnologia,virtual,8,2024-06-14,Pochutla
1939,Ies Oaxaca,tec. en informatica,educacion,virtual,6,2024-02-20,oaxaca capital
1940,Centro De Estudios,contabilidad,ciencias sociales,presencial,8,2024-02-29,Xoxocotlan
1941,Ujat,ingenieria civil,derecho,presencial,10,2024-12-04,Huajuapan
1942,Tebacsso,tec. en informatica,derecho,presencial,8,2024-06-12,juarez
1943,Escuela Normal,lic en enfermeria,tecnologia,presencial,8,2024-02-09,Tlacolula
1944,Conalep,lic. en psicologia,administracion,presencial,8,2024-10-05,Tlacolula
1945,Instituto Superior,tec. en electronica,humanidades,virtual,8,2024-09-02,Ixtlan
1946,Tecnologica Del Valle,lic. en comunicacion,educacion,presencial,8,2024-10-11,Xoxocotlan
1947,Ies Oaxaca,ingenieria electronica,salud,semi presencial,10,2024-08-06,juarez
1948,Colegio De Bachilleres,lic. en derecho,economia,presencial,8,2024-01-26,Pochutla
1949,Instituto Tecnologico,contabilidad,humanidades,virtual,8,2024-06-11,Salina Cruz
1950,Ujat,lic. en derecho,administracion,virtual,10,2024-04-12,oaxaca capital
1951,Centro De Estudios,lic. en comunicacion,tecnologia,virtual,6,2024-06-01,Tlacolula
1952,Instituto Superior,diseño grafico,ciencias sociales,virtual,10,2024-08-27,Pochutla
1953,Cecyte,lic. en psicologia,humanidades,virtual,8,2024-07-13,juarez
1954,Ies Oaxaca,lic. en educacion,humanidades,presencial,6,2024-10-19,juarez
1955,Uabjo,diseño grafico,ingenieria,virtual,8,2024-11-21,Lachixio
1956,Ujat,lic. en turismo,ciencias sociales,virtual,10,2024-02-06,oaxaca capital
1957,Centro De Estudios,lic. en educacion,ingenieria,virtual,6,2024-05-10,Lachixio
1958,Instituto Tecnologico,lic. en derecho,salud,virtual,6,2024-01-06,Salina Cruz
1959,Ies Oaxaca,lic. en educacion,ciencias sociales,semi presencial,8,2024-08-12,juarez
1960,Ies Oaxaca,lic. en psicologia,economia,presencial,10,2024-06-30,Xoxocotlan
1961,Cecyte,lic. en comunicacion,derecho,semi presencial,8,2024-08-09,Lachixio
1962,Tecnologica Del Valle,lic. en economia,humanidades,semi presencial,10,2024-09-07,Lachixio
1963,Univers. Autonoma,ingenieria electronica,derecho,semi presencial,6,2024-07-12,oaxaca capital
1964,Cecyte,lic. en psicologia,derecho,virtual,8,2024-02-16,Tlacolula
1965,Ujat,lic. en educacion,derecho,virtual,6,2024-08-24,Pochutla
1966,Tecnologica Del Valle,tec. en informatica,administracion,presencial,10,2024-03-23,Tlacolula
1967,Univers. Autonoma,lic. en filosofia,humanidades,virtual,6,2024-11-03,Lachixio
1968,Ujat,lic. en derecho,humanidades,virtual,8,2024-11-20,juarez
1969,Instituto Superior,lic en enfermeria,artes,virtual,10,2024-07-09,oaxaca capital
1970,Ujat,lic. en economia,tecnologia,presencial,8,2024-03-12,Huajuapan
1971,Univers. Autonoma,diseño grafico,administracion,semi presencial,8,2024-10-11,Tlacolula
1972,Instituto Tecnologico,lic. en psicologia,ingenieria,presencial,10,2024-12-31,oaxaca capital
1973,Tebacsso,administracion de empresas,artes,virtual,6,2024-08-16,Ixtlan
1974,Univers. Autonoma,administracion de empresas,salud,semi presencial,8,2024-07-29,Salina Cruz
1975,Uabjo,lic. en educacion,economia,presencial,10,2024-02-27,Ixtlan
1976,Centro De Estudios,tec en mecanica,administracion,semi presencial,8,2024-07-26,oaxaca capital
1977,Univers. Autonoma,tec en mecanica,economia,presencial,8,2024-10-11,Pochutla
1978,Ujat,ingenieria civil,ciencias sociales,presencial,10,2024-08-18,Etla
1979,Conalep,lic. en filosofia,derecho,virtual,8,2024-11-08,oaxaca capital
1980,Instituto Tecnologico,lic. en psicologia,ciencias sociales,virtual,10,2024-11-04,Lachixio
1981,Centro De Estudios,tec en mecanica,ciencias sociales,virtual,8,2024-12-27,Pochutla
1982,Colegio De Bachilleres,lic. en educacion,salud,virtual,6,2024-07-15,Ixtlan
1983,Instituto Tecnologico,lic. en educacion,artes,semi presencial,6,2024-02-07,Lachixio
1984,Cecyte,administracion de empresas,salud,presencial,10,2024-09-26,Pochutla
1985,Univers. Autonoma,lic. en economia,educacion,semi presencial,8,2024-04-04,Xoxocotlan
1986,Centro De Estudios,contabilidad,derecho,semi presencial,10,2024-03-18,oaxaca capital
1987,Ujat,lic. en educacion,educacion,semi presencial,6,2024-06-17,Pochutla
1988,Centro De Estudios,contabilidad,ingenieria,virtual,8,2024-02-24,Etla
1989,Colegio De Bachilleres,administracion de empresas,salud,presencial,10,2024-03-27,Salina Cruz
1990,Tecnologica Del Valle,administracion de empresas,artes,presencial,6,2024-11-27,Ixtlan
1991,Escuela Normal,contabilidad,tecnologia,virtual,8,2024-04-23,Xoxocotlan
1992,Instituto Tecnologico,lic. en psicologia,tecnologia,virtual,10,2024-01-19,Pochutla
1993,Tebacsso,contabilidad,artes,semi presencial,10,2024-01-11,oaxaca capital
1994,Colegio De Bachilleres,lic. en educacion,ciencias sociales,virtual,8,2024-02-19,Xoxocotlan
1995,Uabjo,lic. en psicologia,ciencias sociales,virtual,10,2024-11-22,Xoxocotlan
1996,Colegio De Bachilleres,lic. en educacion,derecho,virtual,8,2024-12-29,juarez
1997,Instituto Superior,lic. en filosofia,artes,presencial,8,2024-08-02,Huajuapan
1998,Ujat,lic. en turismo,tecnologia,semi presencial,10,2024-02-11,Etla
1999,Escuela Normal,lic. en comunicacion,derecho,presencial,8,2024-03-04,Ixtlan
2000,Uabjo,administracion de empresas,ingenieria,semi presencial,10,2024-12-13,Xoxocotlan
2001,Cecyte,lic en enfermeria,economia,virtual,8,2024-07-12,Salina Cruz
2002,Uabjo,lic. en educacion,humanidades,presencial,10,2024-03-31,Ixtlan
2003,Conalep,tec. en electronica,derecho,virtual,8,2024-01-16,Huajuapan
2004,Cecyte,lic. en comunicacion,administracion,presencial,6,2024-09-01,Huajuapan
2005,Conalep,tec. en informatica,derecho,presencial,8,2024-07-05,oaxaca capital
2006,Univers. Autonoma,administracion de empresas,administracion,presencial,10,2024-07-01,Huajuapan
2007,Conalep,tec. en electronica,tecnologia,semi presencial,6,2024-07-03,Tlacolula
2008,Ujat,lic. en educacion,tecnologia,semi presencial,6,2024-05-05,Xoxocotlan
2009,Univers. Autonoma,ingenieria en sistemas computacionales,educacion,virtual,6,2024-07-01,Huajuapan
2010,Univers. Autonoma,lic. en turismo,artes,presencial,10,2024-06-22,oaxaca capital
2011,Tebacsso,tec. en informatica,artes,virtual,10,2024-06-30,juarez
2012,Conalep,lic. en turismo,administracion,virtual,8,2024-12-27,Xoxocotlan
2013,Univers. Autonoma,lic en enfermeria,derecho,presencial,8,2024-06-06,Huajuapan
2014,Conalep,lic. en educacion,ingenieria,semi presencial,6,2024-05-10,Tlacolula
2015,Instituto Superior,ingenieria en sistemas computacionales,derecho,semi presencial,8,2024-01-09,juarez
2016,Cecyte,lic. en psicologia,salud,semi presencial,6,2024-05-28,Etla
2017,Tecnologica Del Valle,ingenieria en sistemas computacionales,artes,semi presencial,10,2024-06-15,Ixtlan
2018,Univers. Autonoma,tec. en electronica,salud,semi presencial,8,2024-01-21,Tlacolula
2019,Instituto Superior,ingenieria en sistemas computacionales,educacion,semi presencial,6,2024-08-17,oaxaca capital
2020,Colegio De Bachilleres,ingenieria civil,tecnologia,presencial,6,2024-08-03,Xoxocotlan
2021,Centro De Estudios,contabilidad,derecho,virtual,10,2024-11-18,Lachixio
2022,Ujat,tec. en informatica,economia,virtual,6,2024-06-04,Xoxocotlan
2023,Conalep,lic. en turismo,tecnologia,presencial,6,2024-01-20,Salina Cruz
2024,Uabjo,lic. en educacion,ciencias sociales,virtual,8,2024-02-02,Xoxocotlan
2025,Instituto Superior,lic. en turismo,ingenieria,presencial,8,2024-05-21,Ixtlan
2026,Centro De Estudios,contabilidad,ingenieria,virtual,6,2024-11-06,Tlacolula
2027,Centro De Estudios,lic. en psicologia,economia,presencial,8,2024-03-07,Huajuapan
2028,Ujat,lic. en economia,humanidades,virtual,6,2024-09-23,oaxaca capital
2029,Ies Oaxaca,lic. en biologia,artes,semi presencial,8,2024-11-04,Xoxocotlan
2030,Instituto Tecnologico,lic. en educacion,humanidades,presencial,10,2024-01-24,oaxaca capital
2031,Ujat,administracion de empresas,artes,virtual,6,2024-05-17,Tlacolula
2032,Ies Oaxaca,lic. en educacion,derecho,virtual,10,2024-07-08,Pochutla
2033,Colegio De Bachilleres,ingenieria civil,derecho,semi presencial,10,2024-07-06,Xoxocotlan
2034,Escuela Normal,ingenieria electronica,educacion,presencial,10,2024-10-02,Etla
2035,Instituto Superior,ingenieria electronica,educacion,presencial,10,2024-02-11,Pochutla
2036,Tebacsso,lic. en derecho,humanidades,virtual,6,2024-04-26,Tlacolula
2037,Centro De Estudios,ingenieria civil,ciencias sociales,presencial,6,2024-02-18,Xoxocotlan
2038,Centro De Estudios,diseño grafico,administracion,semi presencial,8,2024-03-19,oaxaca capital
2039,Tebacsso,ingenieria civil,tecnologia,semi presencial,8,2024-07-08,Tlacolula
2040,Instituto Superior,tec. en electronica,tecnologia,semi presencial,10,2024-05-29,Pochutla
2041,Instituto Superior,lic. en educacion,economia,semi presencial,6,2024-05-02,Pochutla
2042,Centro De Estudios,lic. en derecho,educacion,semi presencial,10,2024-10-04,Xoxocotlan
2043,Tebacsso,administracion de empresas,humanidades,presencial,8,2024-01-06,Lachixio
2044,Ies Oaxaca,tec. en electronica,tecnologia,semi presencial,6,2024-09-29,oaxaca capital
2045,Tebacsso,lic. en derecho,ciencias sociales,semi presencial,10,2024-01-04,Salina Cruz
2046,Tecnologica Del Valle,lic. en filosofia,derecho,virtual,8,2024-12-17,Pochutla
2047,Tecnologica Del Valle,lic. en economia,derecho,semi presencial,6,2024-04-20,Tlacolula
2048,Ies Oaxaca,contabilidad,administracion,virtual,10,2024-02-02,Salina Cruz
2049,Escuela Normal,administracion de empresas,ciencias sociales,virtual,6,2024-08-31,oaxaca capital
2050,Tecnologica Del Valle,contabilidad,ciencias sociales,presencial,8,2024-02-20,Huajuapan
2051,Conalep,lic en enfermeria,ciencias sociales,presencial,8,2024-04-14,juarez
2052,Escuela Normal,lic. en educacion,tecnologia,virtual,10,2024-05-23,Pochutla
2053,Ujat,lic. en biologia,ingenieria,virtual,8,2024-01-01,Ixtlan
2054,Ies Oaxaca,ingenieria civil,humanidades,presencial,6,2024-10-26,Ixtlan
2055,Tebacsso,diseño grafico,economia,virtual,6,2024-06-06,Tlacolula
2056,Colegio De Bachilleres,diseño grafico,tecnologia,virtual,10,2024-05-29,Huajuapan
2057,Conalep,lic. en derecho,educacion,virtual,6,2024-08-21,oaxaca capital
2058,Escuela Normal,tec en mecanica,educacion,semi presencial,6,2024-09-04,Pochutla
2059,Univers. Autonoma,tec. en electronica,ciencias sociales,virtual,8,2024-01-12,Huajuapan
2060,Instituto Superior,lic. en psicologia,humanidades,virtual,8,2024-12-20,oaxaca capital
2061,Ies Oaxaca,ingenieria electronica,ciencias sociales,virtual,6,2024-11-24,Pochutla
2062,Uabjo,tec. en informatica,ingenieria,semi presencial,8,2024-09-10,Xoxocotlan
2063,Ujat,lic. en derecho,tecnologia,virtual,10,2024-12-18,Tlacolula
2064,Instituto Tecnologico,lic. en filosofia,humanidades,semi presencial,10,2024-11-14,Ixtlan
2065,Instituto Superior,contabilidad,artes,virtual,10,2024-05-31,Ixtlan
2066,Cecyte,lic. en psicologia,derecho,presencial,10,2024-08-30,Xoxocotlan
2067,Conalep,ingenieria civil,tecnologia,virtual,6,2024-04-23,Tlacolula
2068,Colegio De Bachilleres,lic. en filosofia,tecnologia,virtual,8,2024-04-21,juarez
2069,Cecyte,tec. en electronica,ingenieria,presencial,10,2024-10-28,Lachixio
2070,Cecyte,lic. en educacion,artes,virtual,6,2024-01-04,juarez
2071,Escuela Normal,lic. en turismo,ingenieria,presencial,8,2024-07-19,Ixtlan
2072,Uabjo,lic. en educacion,economia,semi presencial,8,2024-07-22,Ixtlan
2073,Instituto Tecnologico,lic. en comunicacion,administracion,virtual,6,2024-07-30,Lachixio
2074,Tebacsso,lic. en psicologia,humanidades,virtual,10,2024-02-01,Etla
2075,Escuela Normal,lic. en educacion,salud,presencial,10,2024-04-10,Pochutla
2076,Univers. Autonoma,administracion de empresas,administracion,virtual,8,2024-12-10,Ixtlan
2077,Instituto Tecnologico,lic. en filosofia,administracion,semi presencial,8,2024-10-05,Tlacolula
2078,Univers. Autonoma,lic. en derecho,artes,virtual,10,2024-03-10,Xoxocotlan
2079,Escuela Normal,lic. en turismo,ciencias sociales,presencial,10,2024-02-08,Etla
2080,Uabjo,lic. en comunicacion,humanidades,virtual,10,2024-05-07,Salina Cruz
2081,Instituto Tecnologico,contabilidad,humanidades,semi presencial,6,2024-06-16,Ixtlan
2082,Tebacsso,tec. en electronica,economia,semi presencial,8,2024-06-04,Pochutla
2083,Tecnologica Del Valle,lic en enfermeria,tecnologia,virtual,10,2024-03-02,Tlacolula
2084,Cecyte,tec en mecanica,humanidades,semi presencial,10,2024-12-08,Ixtlan
2085,Tecnologica Del Valle,ingenieria en sistemas computacionales,economia,presencial,8,2024-11-29,Xoxocotlan
2086,Uabjo,ingenieria en sistemas computacionales,educacion,semi presencial,10,2024-06-25,Pochutla
2087,Tebacsso,ingenieria electronica,artes,semi presencial,10,2024-12-11,Ixtlan
2088,Ies Oaxaca,diseño grafico,administracion,virtual,10,2024-03-03,Huajuapan
2089,Ujat,ingenieria electronica,derecho,virtual,10,2024-09-24,juarez
2090,Instituto Superior,lic. en derecho,salud,semi presencial,10,2024-10-19,Tlacolula
2091,Tecnologica Del Valle,lic. en derecho,salud,semi presencial,10,2024-11-14,oaxaca capital
2092,Ujat,lic. en biologia,ingenieria,virtual,10,2024-01-15,oaxaca capital
2093,Univers. Autonoma,lic. en comunicacion,salud,semi presencial,6,2024-06-12,Tlacolula
2094,Instituto Superior,lic. en economia,humanidades,semi presencial,8,2024-02-09,oaxaca capital
2095,Centro De Estudios,lic. en derecho,tecnologia,presencial,10,2024-09-28,Etla
2096,Ujat,lic. en economia,derecho,virtual,10,2024-12-22,Pochutla
2097,Conalep,lic. en filosofia,tecnologia,presencial,8,2024-08-16,Etla
2098,Ies Oaxaca,lic. en comunicacion,derecho,semi presencial,6,2024-10-22,Etla
2099,Instituto Superior,lic. en economia,derecho,virtual,6,2024-03-06,Ixtlan
2100,Cecyte,lic. en economia,artes,virtual,10,2024-01-22,Tlacolula
2101,Escuela Normal,ingenieria en sistemas computacionales,derecho,virtual,6,2024-11-22,Ixtlan
2102,Tebacsso,ingenieria en sistemas computacionales,ciencias sociales,virtual,10,2024-02-26,Xoxocotlan
2103,Centro De Estudios,ingenieria civil,ciencias sociales,presencial,6,2024-03-17,Lachixio
2104,Uabjo,tec en mecanica,artes,semi presencial,8,2024-05-08,Salina Cruz
2105,Centro De Estudios,administracion de empresas,educacion,presencial,10,2024-06-17,juarez
2106,Conalep,administracion de empresas,economia,virtual,8,2024-03-02,Lachixio
2107,Uabjo,lic. en comunicacion,derecho,virtual,6,2024-10-31,Huajuapan
2108,Tecnologica Del Valle,lic. en educacion,ingenieria,presencial,10,2024-09-29,Xoxocotlan
2109,Ies Oaxaca,lic en enfermeria,tecnologia,presencial,6,2024-08-02,Salina Cruz
2110,Instituto Superior,lic. en educacion,tecnologia,semi presencial,6,2024-06-09,juarez
2111,Uabjo,lic. en comunicacion,ciencias sociales,semi presencial,8,2024-07-21,Ixtlan
2112,Tecnologica Del Valle,ingenieria electronica,tecnologia,virtual,6,2024-07-12,Etla
2113,Escuela Normal,lic en enfermeria,humanidades,presencial,10,2024-02-25,Etla
2114,Instituto Superior,lic. en derecho,educacion,presencial,8,2024-05-17,Ixtlan
2115,Ies Oaxaca,ingenieria electronica,ciencias sociales,virtual,6,2024-03-11,Xoxocotlan
2116,Tecnologica Del Valle,tec en mecanica,derecho,semi presencial,10,2024-12-03,Huajuapan
2117,Instituto Tecnologico,ingenieria civil,humanidades,virtual,10,2024-03-13,Salina Cruz
2118,Escuela Normal,contabilidad,administracion,semi presencial,10,2024-01-11,Etla
2119,Conalep,lic. en psicologia,artes,presencial,8,2024-08-16,juarez
2120,Instituto Tecnologico,lic. en psicologia,ciencias sociales,virtual,10,2024-03-11,Ixtlan
2121,Univers. Autonoma,tec en mecanica,ciencias sociales,semi presencial,10,2024-05-01,Huajuapan
2122,Uabjo,ingenieria civil,artes,presencial,10,2024-04-25,juarez
2123,Instituto Tecnologico,contabilidad,artes,semi presencial,10,2024-02-26,Huajuapan
2124,Instituto Tecnologico,administracion de empresas,economia,virtual,8,2024-04-05,Ixtlan
2125,Instituto Tecnologico,lic en enfermeria,ciencias sociales,virtual,8,2024-09-11,Lachixio
2126,Colegio De Bachilleres,lic. en educacion,ingenieria,virtual,6,2024-09-28,Ixtlan
2127,Tebacsso,lic. en comunicacion,administracion,semi presencial,8,2024-10-24,Salina Cruz
2128,Colegio De Bachilleres,lic. en derecho,educacion,virtual,6,2024-10-26,Lachixio
2129,Conalep,lic. en derecho,economia,semi presencial,8,2024-07-27,Tlacolula
2130,Centro De Estudios,lic. en filosofia,salud,virtual,10,2024-01-14,Pochutla
2131,Univers. Autonoma,ingenieria electronica,educacion,virtual,6,2024-01-22,Xoxocotlan
2132,Univers. Autonoma,lic. en derecho,administracion,semi presencial,8,2024-02-07,Ixtlan
2133,Tecnologica Del Valle,lic. en derecho,ciencias sociales,presencial,8,2024-12-28,Pochutla
2134,Centro De Estudios,lic. en psicologia,derecho,virtual,6,2024-03-28,Salina Cruz
2135,Tebacsso,lic. en economia,educacion,semi presencial,6,2024-02-15,Etla
2136,Univers. Autonoma,ingenieria en sistemas computacionales,educacion,virtual,8,2024-04-30,Xoxocotlan
2137,Tecnologica Del Valle,lic. en turismo,ciencias sociales,presencial,8,2024-10-14,Salina Cruz
2138,Conalep,tec. en informatica,ciencias sociales,semi presencial,6,2024-12-05,Lachixio
2139,Instituto Superior,ingenieria en sistemas computacionales,educacion,presencial,6,2024-10-24,Tlacolula
2140,Escuela Normal,diseño grafico,humanidades,semi presencial,6,2024-05-09,Ixtlan
2141,Ujat,diseño grafico,artes,semi presencial,10,2024-08-14,oaxaca capital
2142,Escuela Normal,contabilidad,derecho,semi presencial,8,2024-09-20,Salina Cruz
2143,Escuela Normal,lic. en educacion,educacion,virtual,8,2024-09-13,Salina Cruz
2144,Centro De Estudios,lic. en filosofia,artes,presencial,10,2024-08-30,juarez
2145,Tecnologica Del Valle,lic. en economia,administracion,virtual,8,2024-08-21,Pochutla
2146,Centro De Estudios,lic en enfermeria,economia,presencial,6,2024-05-05,Etla
2147,Instituto Superior,lic. en filosofia,derecho,virtual,10,2024-12-08,Tlacolula
2148,Instituto Tecnologico,administracion de empresas,ciencias sociales,virtual,6,2024-02-14,Xoxocotlan
2149,Instituto Tecnologico,lic. en derecho,economia,virtual,6,2024-02-09,Tlacolula
2150,Tecnologica Del Valle,diseño grafico,tecnologia,virtual,8,2024-04-05,Salina Cruz
2151,Instituto Superior,administracion de empresas,salud,semi presencial,10,2024-01-28,Ixtlan
2152,Escuela Normal,tec. en informatica,derecho,virtual,8,2024-12-01,Etla
2153,Escuela Normal,lic en enfermeria,administracion,presencial,6,2024-05-05,oaxaca capital
2154,Conalep,tec en mecanica,administracion,virtual,6,2024-12-26,Etla
2155,Ujat,lic. en turismo,educacion,virtual,8,2024-02-04,juarez
2156,Escuela Normal,lic. en psicologia,salud,virtual,6,2024-04-25,Lachixio
2157,Escuela Normal,lic. en psicologia,economia,semi presencial,8,2024-03-03,Ixtlan
2158,Instituto Superior,lic. en educacion,educacion,virtual,8,2024-07-03,Salina Cruz
2159,Tebacsso,administracion de empresas,administracion,presencial,6,2024-01-01,Pochutla
2160,Cecyte,lic. en turismo,humanidades,presencial,8,2024-11-17,Pochutla
2161,Ujat,diseño grafico,ciencias sociales,virtual,10,2024-05-22,Lachixio
2162,Centro De Estudios,lic. en psicologia,ciencias sociales,virtual,8,2024-03-28,Pochutla
2163,Instituto Tecnologico,lic. en comunicacion,ciencias sociales,presencial,10,2024-03-28,Ixtlan
2164,Centro De Estudios,lic. en filosofia,derecho,semi presencial,8,2024-10-12,Ixtlan
2165,Instituto Tecnologico,lic. en derecho,derecho,virtual,8,2024-12-26,Ixtlan
2166,Cecyte,ingenieria electronica,tecnologia,virtual,10,2024-11-20,Tlacolula
2167,Colegio De Bachilleres,tec en mecanica,artes,presencial,6,2024-02-16,Pochutla
2168,Colegio De Bachilleres,lic. en psicologia,educacion,presencial,8,2024-02-20,Tlacolula
2169,Conalep,ingenieria en sistemas computacionales,educacion,semi presencial,6,2024-12-12,juarez
2170,Instituto Superior,lic. en educacion,humanidades,virtual,8,2024-08-04,Ixtlan
2171,Centro De Estudios,lic. en biologia,tecnologia,virtual,10,2024-07-02,oaxaca capital
2172,Instituto Superior,tec en mecanica,economia,semi presencial,8,2024-09-10,Ixtlan
2173,Tecnologica Del Valle,ingenieria electronica,administracion,virtual,10,2024-04-24,Salina Cruz
2174,Colegio De Bachilleres,lic en enfermeria,educacion,presencial,6,2024-09-30,Pochutla
2175,Instituto Superior,tec. en informatica,ciencias sociales,presencial,10,2024-04-12,Salina Cruz
2176,Conalep,ingenieria civil,artes,presencial,8,2024-08-18,Tlacolula
2177,Univers. Autonoma,lic. en psicologia,salud,virtual,8,2024-02-11,Lachixio
2178,Cecyte,ingenieria en sistemas computacionales,humanidades,semi presencial,10,2024-07-15,Ixtlan
2179,Tebacsso,ingenieria en sistemas computacionales,derecho,semi presencial,6,2024-02-15,Ixtlan
2180,Instituto Tecnologico,lic. en educacion,economia,virtual,10,2024-12-03,Huajuapan
2181,Tecnologica Del Valle,lic en enfermeria,educacion,semi presencial,8,2024-10-28,Salina Cruz
2182,Instituto Superior,lic. en psicologia,humanidades,semi presencial,8,2024-06-09,Tlacolula
2183,Instituto Tecnologico,lic. en educacion,ciencias sociales,semi presencial,8,2024-06-07,Huajuapan
2184,Ujat,lic. en comunicacion,humanidades,virtual,6,2024-02-28,Salina Cruz
2185,Instituto Superior,tec. en electronica,derecho,semi presencial,8,2024-03-16,Ixtlan
2186,Conalep,contabilidad,derecho,virtual,8,2024-12-17,Huajuapan
2187,Instituto Superior,lic en enfermeria,humanidades,virtual,10,2024-01-04,Tlacolula
2188,Uabjo,lic. en filosofia,artes,semi presencial,6,2024-02-21,Ixtlan
2189,Cecyte,lic. en psicologia,economia,presencial,6,2024-12-31,Huajuapan
2190,Colegio De Bachilleres,contabilidad,administracion,semi presencial,6,2024-10-11,oaxaca capital
2191,Ujat,lic. en turismo,tecnologia,presencial,10,2024-06-16,Etla
2192,Centro De Estudios,administracion de empresas,tecnologia,virtual,6,2024-06-10,Tlacolula
2193,Centro De Estudios,ingenieria electronica,economia,presencial,8,2024-06-14,Pochutla
2194,Tecnologica Del Valle,lic. en filosofia,economia,semi presencial,10,2024-07-02,juarez
2195,Instituto Superior,tec. en electronica,derecho,semi presencial,8,2024-06-06,juarez
2196,Instituto Superior,lic. en comunicacion,ingenieria,presencial,6,2024-09-06,Ixtlan
2197,Tebacsso,tec en mecanica,ciencias sociales,semi presencial,6,2024-09-18,Huajuapan
2198,Colegio De Bachilleres,lic. en educacion,educacion,virtual,8,2024-06-20,Pochutla
2199,Tecnologica Del Valle,contabilidad,humanidades,presencial,8,2024-05-01,Pochutla
2200,Instituto Superior,ingenieria en sistemas computacionales,derecho,presencial,10,2024-03-19,Pochutla
2201,Conalep,lic. en filosofia,humanidades,presencial,8,2024-06-29,Etla
2202,Conalep,lic. en filosofia,ciencias sociales,presencial,6,2024-08-31,Salina Cruz
2203,Instituto Superior,tec. en informatica,humanidades,presencial,6,2024-05-05,Pochutla
2204,Tecnologica Del Valle,ingenieria electronica,derecho,semi presencial,10,2024-12-22,Tlacolula
2205,Ujat,lic. en comunicacion,tecnologia,virtual,6,2024-05-11,Xoxocotlan
2206,Ujat,lic. en economia,ingenieria,semi presencial,6,2024-02-29,Lachixio
2207,Escuela Normal,lic. en filosofia,administracion,semi presencial,8,2024-10-29,Salina Cruz
2208,Tecnologica Del Valle,lic. en comunicacion,salud,presencial,10,2024-10-17,Lachixio
2209,Instituto Tecnologico,lic. en filosofia,artes,semi presencial,10,2024-07-02,Huajuapan
2210,Univers. Autonoma,lic. en economia,humanidades,presencial,8,2024-12-12,Etla
2211,Ujat,diseño grafico,administracion,semi presencial,10,2024-06-19,Tlacolula
2212,Escuela Normal,lic. en turismo,educacion,semi presencial,8,2024-11-27,Pochutla
2213,Instituto Tecnologico,contabilidad,humanidades,presencial,8,2024-07-01,Huajuapan
2214,Univers. Autonoma,ingenieria electronica,ingenieria,semi presencial,8,2024-04-14,Pochutla
2215,Tebacsso,lic. en psicologia,educacion,semi presencial,10,2024-08-10,Huajuapan
2216,Centro De Estudios,tec. en informatica,ciencias sociales,semi presencial,8,2024-02-21,Tlacolula
2217,Uabjo,lic. en educacion,derecho,semi presencial,8,2024-04-06,Xoxocotlan
2218,Ies Oaxaca,tec. en informatica,derecho,semi presencial,8,2024-12-07,Tlacolula
2219,Ies Oaxaca,lic. en psicologia,ciencias sociales,semi presencial,10,2024-08-25,Huajuapan
2220,Colegio De Bachilleres,tec. en electronica,humanidades,virtual,10,2024-04-08,Huajuapan
2221,Cecyte,lic. en derecho,salud,virtual,6,2024-07-20,Xoxocotlan
2222,Univers. Autonoma,lic. en turismo,educacion,semi presencial,8,2024-07-05,Xoxocotlan
2223,Ies Oaxaca,lic. en economia,economia,presencial,10,2024-08-18,oaxaca capital
2224,Escuela Normal,lic en enfermeria,tecnologia,semi presencial,8,2024-05-20,Salina Cruz
2225,Cecyte,contabilidad,artes,virtual,10,2024-02-05,Huajuapan
2226,Tebacsso,tec en mecanica,humanidades,virtual,10,2024-01-06,Pochutla
2227,Instituto Superior,lic en enfermeria,ingenieria,presencial,8,2024-07-08,Huajuapan
2228,Ujat,lic. en derecho,derecho,presencial,10,2024-04-06,Pochutla
2229,Centro De Estudios,lic en enfermeria,artes,virtual,8,2024-04-12,Lachixio
2230,Instituto Superior,lic. en educacion,derecho,virtual,6,2024-09-15,Tlacolula
2231,Ies Oaxaca,diseño grafico,artes,presencial,8,2024-06-12,Tlacolula
2232,Conalep,lic. en psicologia,educacion,presencial,6,2024-04-14,Huajuapan
2233,Escuela Normal,lic. en derecho,ciencias sociales,semi presencial,8,2024-06-22,juarez
2234,Centro De Estudios,lic. en psicologia,ciencias sociales,virtual,8,2024-03-10,juarez
2235,Tecnologica Del Valle,ingenieria civil,economia,virtual,8,2024-08-13,Huajuapan
2236,Conalep,lic. en comunicacion,artes,presencial,10,2024-01-30,Pochutla
2237,Conalep,lic en enfermeria,economia,semi presencial,10,2024-04-04,Etla
2238,Colegio De Bachilleres,tec. en informatica,educacion,virtual,10,2024-10-22,Etla
2239,Ies Oaxaca,lic. en turismo,humanidades,presencial,6,2024-04-23,Pochutla
2240,Colegio De Bachilleres,ingenieria civil,humanidades,presencial,8,2024-02-20,Ixtlan
2241,Instituto Tecnologico,tec en mecanica,administracion,virtual,8,2024-12-14,oaxaca capital
2242,Instituto Superior,diseño grafico,artes,presencial,10,2024-04-24,Huajuapan
2243,Cecyte,administracion de empresas,ciencias sociales,virtual,6,2024-04-18,Tlacolula
2244,Tebacsso,lic. en derecho,salud,semi presencial,10,2024-10-05,Ixtlan
2245,Tebacsso,tec en mecanica,salud,virtual,6,2024-12-09,Ixtlan
2246,Cecyte,lic en enfermeria,salud,presencial,6,2024-07-25,Salina Cruz
2247,Uabjo,tec. en informatica,ingenieria,virtual,8,2024-07-24,Xoxocotlan
2248,Instituto Superior,administracion de empresas,ingenieria,presencial,6,2024-11-09,oaxaca capital
2249,Colegio De Bachilleres,lic. en biologia,tecnologia,virtual,6,2024-06-04,Tlacolula
2250,Centro De Estudios,lic. en economia,salud,presencial,8,2024-05-14,oaxaca capital
2251,Centro De Estudios,lic. en derecho,tecnologia,semi presencial,8,2024-12-04,Xoxocotlan
2252,Ujat,lic. en economia,ciencias sociales,virtual,6,2024-06-23,Pochutla
2253,Instituto Superior,ingenieria electronica,artes,virtual,8,2024-10-30,Tlacolula
2254,Escuela Normal,ingenieria civil,derecho,virtual,8,2024-05-19,juarez
2255,Uabjo,lic. en economia,artes,virtual,8,2024-07-07,Etla
2256,Conalep,lic en enfermeria,salud,presencial,8,2024-06-17,Huajuapan
2257,Instituto Superior,tec en mecanica,humanidades,virtual,10,2024-07-26,Lachixio
2258,Escuela Normal,lic. en psicologia,humanidades,presencial,10,2024-01-14,Pochutla
2259,Tecnologica Del Valle,lic. en psicologia,ciencias sociales,virtual,8,2024-12-28,Lachixio
2260,Ies Oaxaca,lic. en psicologia,humanidades,semi presencial,10,2024-09-01,juarez
2261,Escuela Normal,ingenieria electronica,educacion,semi presencial,6,2024-05-14,juarez
2262,Conalep,contabilidad,ingenieria,semi presencial,10,2024-08-09,Pochutla
2263,Instituto Tecnologico,lic en enfermeria,salud,presencial,10,2024-01-30,Salina Cruz
2264,Ujat,lic. en derecho,salud,virtual,6,2024-07-24,juarez
2265,Instituto Superior,lic. en biologia,administracion,presencial,8,2024-10-02,Huajuapan
2266,Instituto Superior,tec. en electronica,educacion,presencial,6,2024-07-18,Etla
2267,Cecyte,lic. en derecho,artes,virtual,10,2024-04-25,Pochutla
2268,Escuela Normal,diseño grafico,ingenieria,semi presencial,10,2024-06-20,Salina Cruz
2269,Ujat,lic. en comunicacion,ciencias sociales,presencial,6,2024-02-08,juarez
2270,Cecyte,lic. en filosofia,salud,semi presencial,6,2024-09-16,Etla
2271,Escuela Normal,lic. en biologia,derecho,presencial,8,2024-07-31,Lachixio
2272,Uabjo,administracion de empresas,salud,semi presencial,6,2024-01-17,Ixtlan
2273,Instituto Tecnologico,lic. en economia,humanidades,virtual,6,2024-04-25,Tlacolula
2274,Instituto Tecnologico,tec. en informatica,administracion,presencial,10,2024-10-17,Ixtlan
2275,Univers. Autonoma,lic. en educacion,ciencias sociales,presencial,6,2024-06-05,juarez
2276,Colegio De Bachilleres,lic. en educacion,economia,semi presencial,8,2024-12-09,Huajuapan
2277,Ujat,lic. en turismo,tecnologia,presencial,10,2024-02-12,Huajuapan
2278,Instituto Superior,tec en mecanica,economia,virtual,10,2024-05-08,Xoxocotlan
2279,Uabjo,lic. en derecho,artes,virtual,6,2024-01-03,Pochutla
2280,Instituto Superior,administracion de empresas,ciencias sociales,virtual,10,2024-09-17,Huajuapan
2281,Cecyte,contabilidad,economia,virtual,10,2024-04-29,Lachixio
2282,Univers. Autonoma,ingenieria civil,humanidades,presencial,10,2024-04-24,Salina Cruz
2283,Instituto Tecnologico,lic. en psicologia,economia,virtual,10,2024-11-11,Etla
2284,Uabjo,lic. en biologia,artes,semi presencial,8,2024-01-13,Etla
2285,Cecyte,lic en enfermeria,ciencias sociales,semi presencial,10,2024-10-02,Tlacolula
2286,Ujat,ingenieria civil,ingenieria,presencial,8,2024-06-25,Etla
2287,Conalep,lic. en biologia,educacion,semi presencial,10,2024-06-10,Pochutla
2288,Uabjo,lic. en derecho,derecho,virtual,8,2024-12-24,Ixtlan
2289,Tebacsso,lic. en psicologia,humanidades,presencial,6,2024-06-11,Tlacolula
2290,Ujat,tec. en electronica,ciencias sociales,semi presencial,6,2024-04-08,juarez
2291,Uabjo,lic. en comunicacion,ciencias sociales,semi presencial,10,2024-04-17,Huajuapan
2292,Univers. Autonoma,lic. en derecho,artes,virtual,6,2024-01-03,Huajuapan
2293,Cecyte,ingenieria en sistemas computacionales,humanidades,virtual,6,2024-04-10,juarez
2294,Instituto Superior,lic. en psicologia,derecho,semi presencial,10,2024-10-30,Huajuapan
2295,Ies Oaxaca,ingenieria en sistemas computacionales,administracion,presencial,10,2024-05-30,Etla
2296,Conalep,ingenieria en sistemas computacionales,salud,virtual,8,2024-08-17,Etla
2297,Escuela Normal,lic. en economia,salud,semi presencial,6,2024-04-09,Xoxocotlan
2298,Ies Oaxaca,ingenieria civil,derecho,presencial,8,2024-07-21,Ixtlan
2299,Escuela Normal,tec en mecanica,administracion,virtual,10,2024-12-30,oaxaca capital
2300,Univers. Autonoma,ingenieria electronica,administracion,virtual,10,2024-12-30,Salina Cruz
2301,Ies Oaxaca,lic. en educacion,ciencias sociales,presencial,8,2024-02-24,Lachixio
2302,Conalep,lic. en derecho,derecho,virtual,10,2024-03-08,Huajuapan
2303,Ies Oaxaca,lic. en comunicacion,artes,semi presencial,6,2024-01-07,Huajuapan
2304,Centro De Estudios,ingenieria civil,educacion,semi presencial,10,2024-10-18,Tlacolula
2305,Instituto Tecnologico,diseño grafico,artes,presencial,8,2024-07-15,Lachixio
2306,Ies Oaxaca,contabilidad,ciencias sociales,presencial,10,2024-02-18,Xoxocotlan
2307,Instituto Superior,lic. en educacion,derecho,virtual,6,2024-10-31,Lachixio
2308,Conalep,diseño grafico,administracion,virtual,10,2024-07-17,oaxaca capital
2309,Escuela Normal,lic. en comunicacion,economia,semi presencial,8,2024-06-16,Xoxocotlan
2310,Colegio De Bachilleres,ingenieria civil,educacion,virtual,10,2024-11-30,Salina Cruz
2311,Ujat,diseño grafico,economia,presencial,8,2024-04-27,Tlacolula
2312,Escuela Normal,lic. en filosofia,educacion,presencial,8,2024-03-09,Etla
2313,Tebacsso,tec. en electronica,administracion,semi presencial,10,2024-06-11,oaxaca capital
2314,Centro De Estudios,ingenieria civil,humanidades,virtual,8,2024-09-01,Pochutla
2315,Colegio De Bachilleres,ingenieria en sistemas computacionales,artes,virtual,10,2024-10-31,Lachixio
2316,Centro De Estudios,administracion de empresas,educacion,virtual,6,2024-02-23,Pochutla
2317,Centro De Estudios,ingenieria civil,educacion,semi presencial,10,2024-10-11,Etla
2318,Instituto Tecnologico,tec. en informatica,economia,virtual,10,2024-07-28,Ixtlan
2319,Ujat,lic. en comunicacion,administracion,semi presencial,10,2024-01-16,Salina Cruz
2320,Uabjo,lic en enfermeria,administracion,presencial,6,2024-08-29,Tlacolula
2321,Cecyte,administracion de empresas,ciencias sociales,semi presencial,8,2024-02-19,juarez
2322,Uabjo,tec. en informatica,administracion,presencial,8,2024-01-07,oaxaca capital
2323,Cecyte,administracion de empresas,salud,virtual,10,2024-09-27,juarez
2324,Tecnologica Del Valle,administracion de empresas,economia,presencial,8,2024-09-24,oaxaca capital
2325,Colegio De Bachilleres,ingenieria electronica,ingenieria,semi presencial,6,2024-02-28,Pochutla
2326,Ujat,administracion de empresas,ciencias sociales,presencial,8,2024-07-26,oaxaca capital
2327,Colegio De Bachilleres,lic. en derecho,economia,virtual,10,2024-12-18,Lachixio
2328,Ies Oaxaca,contabilidad,salud,virtual,10,2024-11-06,Etla
2329,Escuela Normal,lic. en filosofia,tecnologia,semi presencial,6,2024-09-21,Huajuapan
2330,Centro De Estudios,ingenieria en sistemas computacionales,ingenieria,presencial,8,2024-07-03,Huajuapan
2331,Escuela Normal,ingenieria en sistemas computacionales,ingenieria,semi presencial,10,2024-12-03,Huajuapan
2332,Tecnologica Del Valle,ingenieria en sistemas computacionales,ciencias sociales,semi presencial,10,2024-05-28,Ixtlan
2333,Conalep,tec. en electronica,artes,semi presencial,8,2024-08-01,juarez
2334,Tecnologica Del Valle,lic. en psicologia,artes,semi presencial,10,2024-12-15,juarez
2335,Ies Oaxaca,contabilidad,educacion,virtual,10,2024-11-29,oaxaca capital
2336,Ies Oaxaca,lic. en economia,administracion,virtual,10,2024-10-11,oaxaca capital
2337,Instituto Superior,lic. en filosofia,ingenieria,virtual,6,2024-10-19,Ixtlan
2338,Ies Oaxaca,ingenieria civil,educacion,semi presencial,8,2024-02-22,juarez
2339,Univers. Autonoma,lic. en derecho,humanidades,semi presencial,10,2024-06-07,Xoxocotlan
2340,Univers. Autonoma,ingenieria en sistemas computacionales,humanidades,virtual,6,2024-01-20,oaxaca capital
2341,Conalep,ingenieria electronica,ingenieria,virtual,10,2024-04-08,juarez
2342,Colegio De Bachilleres,lic. en turismo,economia,semi presencial,6,2024-02-24,Etla
2343,Univers. Autonoma,lic. en biologia,ingenieria,virtual,8,2024-04-14,Ixtlan
2344,Conalep,tec. en electronica,artes,virtual,8,2024-09-19,Ixtlan
2345,Tecnologica Del Valle,lic. en economia,salud,semi presencial,8,2024-06-23,Tlacolula
2346,Centro De Estudios,lic. en educacion,educacion,virtual,8,2024-01-15,Etla
2347,Centro De Estudios,ingenieria civil,ciencias sociales,semi presencial,8,2024-06-27,Tlacolula
2348,Conalep,lic. en derecho,humanidades,virtual,8,2024-12-21,Ixtlan
2349,Ujat,diseño grafico,economia,semi presencial,8,2024-05-07,oaxaca capital
2350,Conalep,ingenieria civil,salud,semi presencial,10,2024-01-30,Salina Cruz
2351,Tebacsso,tec en mecanica,humanidades,virtual,6,2024-07-25,juarez
2352,Instituto Tecnologico,contabilidad,artes,virtual,6,2024-12-28,oaxaca capital
2353,Instituto Tecnologico,lic en enfermeria,humanidades,virtual,10,2024-03-19,Pochutla
2354,Ujat,lic. en filosofia,ciencias sociales,semi presencial,6,2024-08-06,oaxaca capital
2355,Ies Oaxaca,tec. en informatica,administracion,semi presencial,10,2024-08-04,oaxaca capital
2356,Escuela Normal,lic. en filosofia,educacion,virtual,6,2024-07-03,Lachixio
2357,Uabjo,tec. en informatica,educacion,presencial,6,2024-06-26,Pochutla
2358,Colegio De Bachilleres,lic. en filosofia,humanidades,semi presencial,6,2024-07-10,Xoxocotlan
2359,Centro De Estudios,lic en enfermeria,ciencias sociales,semi presencial,8,2024-10-28,Xoxocotlan
2360,Tecnologica Del Valle,lic. en derecho,tecnologia,semi presencial,6,2024-01-20,Huajuapan
2361,Cecyte,lic. en biologia,educacion,presencial,10,2024-10-20,juarez
2362,Conalep,contabilidad,ingenieria,virtual,10,2024-12-16,Pochutla
2363,Univers. Autonoma,lic. en derecho,derecho,semi presencial,8,2024-08-03,Ixtlan
2364,Instituto Tecnologico,lic. en educacion,tecnologia,semi presencial,8,2024-09-08,juarez
2365,Conalep,tec. en informatica,artes,semi presencial,8,2024-06-30,juarez
2366,Ujat,ingenieria civil,ingenieria,presencial,10,2024-01-08,Ixtlan
2367,Uabjo,lic. en biologia,salud,semi presencial,10,2024-05-21,oaxaca capital
2368,Escuela Normal,ingenieria electronica,tecnologia,presencial,8,2024-05-29,Salina Cruz
2369,Ies Oaxaca,lic. en derecho,ingenieria,virtual,10,2024-09-25,Pochutla
2370,Univers. Autonoma,lic. en educacion,administracion,virtual,6,2024-06-17,Lachixio
2371,Colegio De Bachilleres,lic. en derecho,economia,semi presencial,6,2024-02-25,Lachixio
2372,Univers. Autonoma,tec. en electronica,ingenieria,semi presencial,8,2024-12-10,oaxaca capital
2373,Conalep,lic. en comunicacion,derecho,virtual,6,2024-04-21,oaxaca capital
2374,Uabjo,lic. en comunicacion,tecnologia,semi presencial,6,2024-01-02,Etla
2375,Escuela Normal,tec. en informatica,tecnologia,semi presencial,8,2024-03-27,oaxaca capital
2376,Instituto Superior,lic. en biologia,ingenieria,virtual,8,2024-04-07,Salina Cruz
2377,Cecyte,diseño grafico,salud,presencial,6,2024-01-03,Lachixio
2378,Ies Oaxaca,tec. en electronica,humanidades,virtual,6,2024-06-25,Xoxocotlan
2379,Univers. Autonoma,administracion de empresas,educacion,semi presencial,10,2024-04-06,Lachixio
2380,Centro De Estudios,lic. en biologia,salud,virtual,10,2024-11-14,oaxaca capital
2381,Colegio De Bachilleres,lic. en biologia,ingenieria,semi presencial,6,2024-06-24,Ixtlan
2382,Uabjo,lic en enfermeria,derecho,presencial,8,2024-03-02,Etla
2383,Tebacsso,lic. en derecho,salud,semi presencial,10,2024-07-07,Ixtlan
2384,Tecnologica Del Valle,lic. en comunicacion,ingenieria,virtual,6,2024-06-07,juarez
2385,Ujat,lic. en psicologia,administracion,presencial,10,2024-11-24,Salina Cruz
2386,Tecnologica Del Valle,lic. en biologia,tecnologia,semi presencial,10,2024-02-26,juarez
2387,Ujat,tec. en electronica,derecho,virtual,6,2024-03-24,Ixtlan
2388,Instituto Tecnologico,lic. en educacion,educacion,presencial,8,2024-01-31,oaxaca capital
2389,Centro De Estudios,ingenieria electronica,ingenieria,semi presencial,10,2024-09-11,Lachixio
2390,Instituto Superior,ingenieria civil,administracion,virtual,6,2024-08-26,Salina Cruz
2391,Instituto Tecnologico,tec. en informatica,derecho,presencial,6,2024-06-02,Pochutla
2392,Cecyte,administracion de empresas,educacion,semi presencial,10,2024-02-03,Salina Cruz
2393,Ies Oaxaca,lic. en psicologia,ingenieria,semi presencial,10,2024-08-22,Ixtlan
2394,Ujat,diseño grafico,artes,presencial,6,2024-09-26,Huajuapan
2395,Escuela Normal,lic en enfermeria,salud,semi presencial,10,2024-11-05,Lachixio
2396,Ies Oaxaca,administracion de empresas,administracion,semi presencial,8,2024-04-25,Xoxocotlan
2397,Univers. Autonoma,ingenieria electronica,administracion,semi presencial,8,2024-02-25,oaxaca capital
2398,Conalep,lic. en educacion,salud,presencial,10,2024-07-26,Salina Cruz
2399,Centro De Estudios,lic. en biologia,ingenieria,presencial,6,2024-01-18,Ixtlan
2400,Ies Oaxaca,ingenieria electronica,tecnologia,semi presencial,6,2024-07-02,Salina Cruz
2401,Centro De Estudios,ingenieria en sistemas computacionales,educacion,presencial,10,2024-02-06,Xoxocotlan
2402,Univers. Autonoma,lic. en educacion,ingenieria,semi presencial,6,2024-09-23,Huajuapan
2403,Uabjo,lic. en comunicacion,artes,semi presencial,8,2024-08-23,Xoxocotlan
2404,Centro De Estudios,lic. en psicologia,tecnologia,semi presencial,10,2024-11-30,Lachixio
2405,Tebacsso,ingenieria en sistemas computacionales,salud,presencial,6,2024-02-26,Salina Cruz
2406,Instituto Superior,lic en enfermeria,salud,presencial,10,2024-11-14,juarez
2407,Tecnologica Del Valle,lic. en psicologia,salud,virtual,10,2024-08-10,oaxaca capital
2408,Ies Oaxaca,ingenieria en sistemas computacionales,educacion,presencial,6,2024-06-01,juarez
2409,Instituto Superior,ingenieria electronica,economia,presencial,6,2024-08-06,Tlacolula
2410,Instituto Tecnologico,lic. en filosofia,educacion,semi presencial,6,2024-11-11,Xoxocotlan
2411,Instituto Tecnologico,tec en mecanica,administracion,semi presencial,8,2024-12-31,Salina Cruz
2412,Conalep,lic. en biologia,administracion,semi presencial,10,2024-09-06,Lachixio
2413,Cecyte,tec. en informatica,humanidades,virtual,6,2024-03-31,Xoxocotlan
2414,Uabjo,lic en enfermeria,economia,virtual,6,2024-02-04,Pochutla
2415,Tebacsso,lic. en derecho,tecnologia,semi presencial,10,2024-08-13,Xoxocotlan
2416,Colegio De Bachilleres,ingenieria civil,artes,presencial,6,2024-04-16,oaxaca capital
2417,Colegio De Bachilleres,lic. en filosofia,tecnologia,virtual,6,2024-08-11,Salina Cruz
2418,Instituto Tecnologico,administracion de empresas,salud,virtual,10,2024-07-24,Etla
2419,Univers. Autonoma,lic. en derecho,economia,semi presencial,8,2024-02-07,Pochutla
2420,Ujat,ingenieria civil,administracion,presencial,6,2024-12-19,juarez
2421,Escuela Normal,lic. en economia,salud,presencial,6,2024-06-27,Ixtlan
2422,Centro De Estudios,lic. en economia,tecnologia,semi presencial,8,2024-11-10,Tlacolula
2423,Escuela Normal,lic. en derecho,artes,semi presencial,6,2024-05-22,juarez
2424,Ies Oaxaca,lic. en biologia,administracion,presencial,6,2024-04-06,Huajuapan
2425,Instituto Tecnologico,lic. en educacion,administracion,presencial,8,2024-12-06,Ixtlan
2426,Escuela Normal,lic. en turismo,artes,semi presencial,8,2024-08-10,Tlacolula
2427,Uabjo,ingenieria en sistemas computacionales,artes,presencial,6,2024-12-24,Huajuapan
2428,Conalep,lic. en psicologia,educacion,presencial,8,2024-09-17,Etla
2429,Univers. Autonoma,lic. en biologia,derecho,presencial,6,2024-11-09,Etla
2430,Instituto Tecnologico,ingenieria electronica,artes,virtual,6,2024-10-19,Xoxocotlan
2431,Instituto Superior,lic. en biologia,salud,presencial,8,2024-10-15,Tlacolula
2432,Instituto Superior,ingenieria en sistemas computacionales,educacion,virtual,8,2024-04-16,juarez
2433,Univers. Autonoma,lic. en biologia,economia,presencial,8,2024-12-29,Pochutla
2434,Centro De Estudios,tec. en informatica,humanidades,virtual,10,2024-08-07,oaxaca capital
2435,Tecnologica Del Valle,tec en mecanica,artes,virtual,8,2024-01-25,Ixtlan
2436,Tebacsso,ingenieria civil,salud,presencial,6,2024-12-06,Tlacolula
2437,Colegio De Bachilleres,contabilidad,ciencias sociales,semi presencial,8,2024-10-02,Pochutla
2438,Centro De Estudios,ingenieria civil,artes,presencial,8,2024-12-27,Xoxocotlan
2439,Ies Oaxaca,lic. en educacion,artes,semi presencial,10,2024-01-11,Tlacolula
2440,Cecyte,lic. en psicologia,tecnologia,semi presencial,8,2024-02-17,Xoxocotlan
2441,Instituto Superior,lic. en filosofia,derecho,presencial,6,2024-12-09,Salina Cruz
2442,Uabjo,tec. en electronica,tecnologia,presencial,8,2024-04-20,Salina Cruz
2443,Colegio De Bachilleres,lic. en turismo,humanidades,semi presencial,6,2024-02-21,oaxaca capital
2444,Univers. Autonoma,lic. en economia,tecnologia,semi presencial,6,2024-10-03,Xoxocotlan
2445,Uabjo,ingenieria electronica,ingenieria,semi presencial,10,2024-11-26,Ixtlan
2446,Instituto Tecnologico,lic. en filosofia,economia,virtual,10,2024-10-20,Etla
2447,Tebacsso,lic. en turismo,ciencias sociales,semi presencial,10,2024-03-05,Pochutla
2448,Ies Oaxaca,lic. en economia,educacion,virtual,10,2024-02-25,Xoxocotlan
2449,Colegio De Bachilleres,tec en mecanica,ingenieria,presencial,10,2024-04-14,Pochutla
2450,Tecnologica Del Valle,ingenieria en sistemas computacionales,tecnologia,presencial,10,2024-05-03,Tlacolula
2451,Tecnologica Del Valle,tec. en electronica,economia,virtual,6,2024-04-29,Ixtlan
2452,Tecnologica Del Valle,lic. en derecho,administracion,semi presencial,10,2024-07-03,Xoxocotlan
2453,Conalep,tec en mecanica,educacion,semi presencial,8,2024-01-09,Ixtlan
2454,Uabjo,administracion de empresas,educacion,semi presencial,8,2024-10-19,Xoxocotlan
2455,Conalep,tec en mecanica,artes,semi presencial,6,2024-03-22,Ixtlan
2456,Instituto Tecnologico,lic en enfermeria,economia,semi presencial,6,2024-10-06,juarez
2457,Tebacsso,lic en enfermeria,derecho,virtual,6,2024-11-18,Ixtlan
2458,Instituto Tecnologico,lic. en psicologia,derecho,presencial,8,2024-05-27,Pochutla
2459,Escuela Normal,lic. en turismo,economia,virtual,8,2024-01-08,Lachixio
2460,Ujat,lic. en derecho,economia,semi presencial,8,2024-07-01,Ixtlan
2461,Escuela Normal,lic. en filosofia,educacion,presencial,8,2024-05-15,Tlacolula
2462,Instituto Tecnologico,lic. en turismo,administracion,virtual,8,2024-12-23,Pochutla
2463,Tecnologica Del Valle,ingenieria en sistemas computacionales,ingenieria,presencial,6,2024-02-29,oaxaca capital
2464,Ujat,diseño grafico,derecho,virtual,6,2024-08-04,Xoxocotlan
2465,Centro De Estudios,lic. en derecho,economia,virtual,8,2024-05-25,oaxaca capital
2466,Colegio De Bachilleres,ingenieria en sistemas computacionales,artes,virtual,10,2024-05-04,juarez
2467,Ies Oaxaca,ingenieria civil,administracion,virtual,10,2024-04-09,Ixtlan
2468,Colegio De Bachilleres,ingenieria civil,derecho,virtual,10,2024-07-13,Pochutla
2469,Uabjo,contabilidad,ciencias sociales,virtual,6,2024-02-15,Pochutla
2470,Tebacsso,lic. en psicologia,humanidades,virtual,8,2024-10-25,oaxaca capital
2471,Instituto Tecnologico,lic. en psicologia,ciencias sociales,semi presencial,8,2024-10-04,Etla
2472,Ies Oaxaca,ingenieria electronica,salud,presencial,8,2024-01-07,Salina Cruz
2473,Uabjo,lic. en educacion,ingenieria,virtual,6,2024-08-10,juarez
2474,Escuela Normal,contabilidad,economia,virtual,10,2024-10-09,Etla
2475,Univers. Autonoma,lic. en educacion,economia,semi presencial,10,2024-03-17,Pochutla
2476,Ies Oaxaca,lic. en psicologia,derecho,virtual,10,2024-02-24,Xoxocotlan
2477,Centro De Estudios,contabilidad,derecho,presencial,8,2024-04-13,Lachixio
2478,Instituto Tecnologico,diseño grafico,economia,presencial,10,2024-05-27,Lachixio
2479,Instituto Superior,lic. en economia,administracion,presencial,10,2024-11-04,Lachixio
2480,Tebacsso,tec en mecanica,humanidades,presencial,8,2024-12-30,Salina Cruz
2481,Ies Oaxaca,lic. en economia,artes,virtual,8,2024-03-07,Tlacolula
2482,Ujat,lic. en filosofia,derecho,presencial,8,2024-08-01,oaxaca capital
2483,Uabjo,tec. en informatica,administracion,presencial,10,2024-04-12,Etla
2484,Instituto Superior,lic en enfermeria,humanidades,virtual,6,2024-11-25,Pochutla
2485,Instituto Tecnologico,lic. en derecho,tecnologia,virtual,8,2024-06-23,Huajuapan
2486,Colegio De Bachilleres,lic. en filosofia,administracion,virtual,6,2024-11-11,Lachixio
2487,Cecyte,lic. en filosofia,educacion,virtual,6,2024-02-29,oaxaca capital
2488,Univers. Autonoma,lic. en biologia,administracion,virtual,6,2024-03-02,Xoxocotlan
2489,Conalep,ingenieria civil,artes,virtual,8,2024-06-24,Huajuapan
2490,Univers. Autonoma,lic. en economia,ciencias sociales,virtual,8,2024-01-05,Lachixio
2491,Tebacsso,lic. en turismo,ciencias sociales,virtual,6,2024-10-06,juarez
2492,Uabjo,lic. en economia,salud,presencial,10,2024-01-28,juarez
2493,Univers. Autonoma,tec en mecanica,tecnologia,semi presencial,8,2024-11-11,Huajuapan
2494,Cecyte,lic. en filosofia,salud,semi presencial,8,2024-03-18,juarez
2495,Cecyte,ingenieria electronica,administracion,presencial,6,2024-01-03,Pochutla
2496,Centro De Estudios,lic. en comunicacion,ingenieria,presencial,6,2024-01-08,Etla
2497,Colegio De Bachilleres,ingenieria en sistemas computacionales,administracion,presencial,10,2024-11-05,Etla
2498,Ies Oaxaca,lic. en economia,humanidades,presencial,6,2024-01-15,Lachixio
2499,Centro De Estudios,ingenieria civil,ingenieria,presencial,8,2024-10-27,Xoxocotlan
2500,Ujat,diseño grafico,humanidades,presencial,8,2024-04-22,Lachixio
2501,Ujat,lic. en derecho,salud,virtual,8,2024-02-08,Huajuapan
2502,Conalep,tec en mecanica,educacion,semi presencial,8,2024-02-15,Lachixio
2503,Cecyte,ingenieria electronica,derecho,presencial,6,2024-04-07,Tlacolula
2504,Cecyte,diseño grafico,tecnologia,presencial,6,2024-06-13,juarez
2505,Tebacsso,tec en mecanica,tecnologia,presencial,10,2024-07-07,Etla
2506,Instituto Superior,administracion de empresas,humanidades,presencial,8,2024-11-21,oaxaca capital
2507,Tebacsso,lic. en economia,ingenieria,virtual,10,2024-10-06,Pochutla
2508,Conalep,tec en mecanica,administracion,presencial,8,2024-01-01,juarez
2509,Cecyte,lic. en filosofia,ingenieria,virtual,8,2024-02-20,Tlacolula
2510,Centro De Estudios,lic. en derecho,derecho,presencial,8,2024-07-02,Salina Cruz
2511,Conalep,lic. en psicologia,ciencias sociales,virtual,8,2024-01-24,Salina Cruz
2512,Ies Oaxaca,ingenieria en sistemas computacionales,tecnologia,semi presencial,10,2024-08-06,Lachixio
2513,Cecyte,ingenieria civil,tecnologia,presencial,10,2024-03-14,Lachixio
2514,Ies Oaxaca,lic. en derecho,ciencias sociales,virtual,6,2024-09-29,Tlacolula
2515,Ies Oaxaca,contabilidad,educacion,presencial,6,2024-10-01,Pochutla
2516,Ies Oaxaca,lic. en turismo,humanidades,virtual,8,2024-03-18,oaxaca capital
2517,Instituto Tecnologico,lic. en biologia,ingenieria,presencial,10,2024-01-04,Etla
2518,Univers. Autonoma,ingenieria civil,derecho,virtual,8,2024-01-20,oaxaca capital
2519,Ujat,lic. en psicologia,administracion,presencial,8,2024-12-28,juarez
2520,Uabjo,lic. en psicologia,economia,presencial,8,2024-08-24,Lachixio
2521,Conalep,lic. en economia,artes,presencial,10,2024-11-25,Lachixio
2522,Ujat,lic. en educacion,economia,virtual,8,2024-08-09,Etla
2523,Uabjo,ingenieria civil,administracion,presencial,6,2024-11-24,Salina Cruz
2524,Uabjo,lic en enfermeria,derecho,presencial,10,2024-02-19,juarez
2525,Tecnologica Del Valle,lic. en educacion,artes,presencial,8,2024-05-24,Pochutla
2526,Colegio De Bachilleres,lic. en derecho,ciencias sociales,presencial,10,2024-04-25,Tlacolula
2527,Tecnologica Del Valle,tec en mecanica,ingenieria,semi presencial,8,2024-12-11,Lachixio
2528,Centro De Estudios,lic en enfermeria,ciencias sociales,virtual,10,2024-11-16,Etla
2529,Univers. Autonoma,contabilidad,derecho,semi presencial,10,2024-03-29,Tlacolula
2530,Instituto Superior,ingenieria en sistemas computacionales,economia,virtual,10,2024-01-03,Ixtlan
2531,Instituto Tecnologico,lic. en turismo,educacion,presencial,6,2024-09-07,oaxaca capital
2532,Conalep,tec. en electronica,humanidades,virtual,8,2024-03-25,Tlacolula
2533,Tecnologica Del Valle,ingenieria electronica,ciencias sociales,virtual,8,2024-11-16,juarez
2534,Cecyte,tec en mecanica,derecho,virtual,10,2024-05-17,Lachixio
2535,Uabjo,lic. en educacion,salud,presencial,6,2024-02-10,Lachixio
2536,Colegio De Bachilleres,ingenieria electronica,derecho,virtual,8,2024-12-07,juarez
2537,Uabjo,diseño grafico,ciencias sociales,virtual,8,2024-03-12,Lachixio
2538,Tecnologica Del Valle,lic. en educacion,humanidades,semi presencial,6,2024-04-23,Salina Cruz
2539,Colegio De Bachilleres,lic. en biologia,administracion,virtual,8,2024-10-03,Lachixio
2540,Tecnologica Del Valle,tec en mecanica,derecho,semi presencial,8,2024-08-20,Salina Cruz
2541,Tecnologica Del Valle,lic. en biologia,educacion,virtual,6,2024-11-20,juarez
2542,Tecnologica Del Valle,tec. en electronica,educacion,presencial,6,2024-03-20,Tlacolula
2543,Centro De Estudios,diseño grafico,ciencias sociales,semi presencial,8,2024-01-30,Salina Cruz
2544,Tecnologica Del Valle,tec en mecanica,humanidades,presencial,6,2024-08-15,Tlacolula
2545,Cecyte,ingenieria civil,ingenieria,presencial,8,2024-10-20,Salina Cruz
2546,Instituto Superior,lic. en derecho,salud,presencial,6,2024-07-15,Tlacolula
2547,Centro De Estudios,lic. en filosofia,humanidades,virtual,6,2024-02-22,Tlacolula
2548,Escuela Normal,lic. en educacion,economia,presencial,8,2024-08-04,oaxaca capital
2549,Cecyte,lic. en turismo,salud,virtual,6,2024-04-08,Huajuapan
2550,Uabjo,lic. en educacion,ciencias sociales,presencial,8,2024-03-19,Pochutla
2551,Colegio De Bachilleres,lic. en comunicacion,ingenieria,presencial,10,2024-12-19,Lachixio
2552,Instituto Tecnologico,tec en mecanica,economia,presencial,6,2024-10-02,Huajuapan
2553,Colegio De Bachilleres,tec. en informatica,salud,virtual,6,2024-10-29,Ixtlan
2554,Colegio De Bachilleres,lic en enfermeria,administracion,virtual,10,2024-04-11,Huajuapan
2555,Colegio De Bachilleres,administracion de empresas,ingenieria,presencial,8,2024-02-22,Ixtlan
2556,Ies Oaxaca,lic. en derecho,salud,presencial,6,2024-07-18,Xoxocotlan
2557,Instituto Tecnologico,ingenieria en sistemas computacionales,tecnologia,semi presencial,6,2024-04-29,oaxaca capital
2558,Ies Oaxaca,lic. en turismo,ciencias sociales,presencial,6,2024-09-18,Huajuapan
2559,Conalep,lic. en comunicacion,administracion,virtual,8,2024-09-27,oaxaca capital
2560,Tebacsso,contabilidad,administracion,semi presencial,10,2024-03-03,Pochutla
2561,Centro De Estudios,lic. en filosofia,humanidades,semi presencial,10,2024-12-21,juarez
2562,Instituto Superior,tec. en electronica,tecnologia,semi presencial,6,2024-11-15,Lachixio
2563,Cecyte,diseño grafico,humanidades,virtual,10,2024-05-03,juarez
2564,Colegio De Bachilleres,tec. en informatica,derecho,presencial,10,2024-01-04,Ixtlan
2565,Escuela Normal,lic en enfermeria,administracion,semi presencial,6,2024-01-28,Salina Cruz
2566,Instituto Tecnologico,tec en mecanica,humanidades,presencial,10,2024-03-18,Tlacolula
2567,Colegio De Bachilleres,ingenieria en sistemas computacionales,educacion,virtual,10,2024-07-26,Huajuapan
2568,Univers. Autonoma,tec. en informatica,administracion,semi presencial,6,2024-05-14,oaxaca capital
2569,Ujat,contabilidad,administracion,presencial,10,2024-05-03,Salina Cruz
2570,Tebacsso,lic. en economia,ciencias sociales,virtual,8,2024-04-30,Pochutla
2571,Instituto Tecnologico,administracion de empresas,tecnologia,presencial,10,2024-11-13,oaxaca capital
2572,Colegio De Bachilleres,tec en mecanica,economia,virtual,8,2024-08-06,Etla
2573,Tebacsso,lic. en comunicacion,derecho,presencial,6,2024-03-29,Xoxocotlan
2574,Centro De Estudios,lic. en educacion,educacion,presencial,6,2024-03-05,Huajuapan
2575,Conalep,lic. en educacion,ingenieria,presencial,10,2024-04-27,Huajuapan
2576,Tebacsso,ingenieria civil,tecnologia,presencial,6,2024-08-02,juarez
2577,Colegio De Bachilleres,lic en enfermeria,artes,presencial,6,2024-05-23,juarez
2578,Tecnologica Del Valle,tec. en electronica,artes,virtual,10,2024-01-14,Pochutla
2579,Colegio De Bachilleres,lic. en derecho,tecnologia,semi presencial,6,2024-09-30,Ixtlan
2580,Ujat,tec en mecanica,tecnologia,virtual,8,2024-11-08,Ixtlan
2581,Uabjo,tec. en electronica,tecnologia,virtual,10,2024-09-20,Huajuapan
2582,Uabjo,lic. en derecho,derecho,virtual,10,2024-07-17,juarez
2583,Tebacsso,lic. en biologia,educacion,semi presencial,10,2024-09-30,Xoxocotlan
2584,Centro De Estudios,ingenieria en sistemas computacionales,educacion,presencial,10,2024-05-16,juarez
2585,Instituto Tecnologico,lic. en filosofia,educacion,presencial,8,2024-10-08,Huajuapan
2586,Ies Oaxaca,lic. en derecho,derecho,presencial,8,2024-10-29,Xoxocotlan
2587,Uabjo,tec. en electronica,ciencias sociales,virtual,10,2024-08-27,Ixtlan
2588,Colegio De Bachilleres,lic. en comunicacion,administracion,presencial,10,2024-12-19,Xoxocotlan
2589,Tebacsso,ingenieria en sistemas computacionales,salud,virtual,10,2024-07-08,Tlacolula
2590,Uabjo,tec. en informatica,ciencias sociales,presencial,6,2024-08-12,Huajuapan
2591,Instituto Superior,lic. en biologia,administracion,virtual,6,2024-02-01,juarez
2592,Ujat,lic. en biologia,educacion,semi presencial,8,2024-09-19,juarez
2593,Centro De Estudios,lic. en derecho,economia,semi presencial,6,2024-12-20,Xoxocotlan
2594,Ies Oaxaca,tec. en electronica,humanidades,semi presencial,10,2024-02-09,Tlacolula
2595,Tebacsso,lic. en filosofia,humanidades,presencial,8,2024-01-27,Salina Cruz
2596,Uabjo,contabilidad,artes,semi presencial,6,2024-10-30,Xoxocotlan
2597,Univers. Autonoma,ingenieria en sistemas computacionales,humanidades,presencial,10,2024-12-28,Lachixio
2598,Colegio De Bachilleres,tec. en informatica,tecnologia,semi presencial,8,2024-08-19,Xoxocotlan
2599,Instituto Superior,lic. en biologia,tecnologia,virtual,10,2024-07-01,Etla
2600,Conalep,lic. en economia,tecnologia,semi presencial,6,2024-10-02,Pochutla
2601,Uabjo,lic en enfermeria,artes,semi presencial,10,2024-11-10,Xoxocotlan
2602,Cecyte,lic. en derecho,humanidades,presencial,8,2024-07-20,Lachixio
2603,Escuela Normal,lic. en turismo,educacion,virtual,6,2024-06-10,Ixtlan
2604,Ies Oaxaca,lic en enfermeria,humanidades,virtual,8,2024-11-04,juarez
2605,Tebacsso,lic. en educacion,ciencias sociales,semi presencial,6,2024-08-17,Huajuapan
2606,Centro De Estudios,lic en enfermeria,administracion,presencial,8,2024-08-04,juarez
2607,Uabjo,tec en mecanica,derecho,semi presencial,6,2024-05-14,Huajuapan
2608,Ies Oaxaca,diseño grafico,ciencias sociales,semi presencial,6,2024-12-01,juarez
2609,Centro De Estudios,administracion de empresas,artes,semi presencial,10,2024-08-15,Etla
2610,Conalep,lic. en economia,ingenieria,presencial,6,2024-10-01,Ixtlan
2611,Tecnologica Del Valle,contabilidad,derecho,semi presencial,6,2024-09-06,juarez
2612,Cecyte,contabilidad,ingenieria,virtual,10,2024-10-09,oaxaca capital
2613,Tecnologica Del Valle,administracion de empresas,humanidades,virtual,8,2024-06-06,Lachixio
2614,Ies Oaxaca,lic. en comunicacion,humanidades,presencial,6,2024-03-02,Etla
2615,Ies Oaxaca,tec. en informatica,ciencias sociales,presencial,6,2024-06-13,Huajuapan
2616,Univers. Autonoma,lic. en psicologia,economia,presencial,6,2024-02-26,juarez
2617,Instituto Superior,lic. en comunicacion,ciencias sociales,semi presencial,6,2024-12-07,Tlacolula
2618,Centro De Estudios,administracion de empresas,economia,presencial,10,2024-03-29,Tlacolula
2619,Tebacsso,contabilidad,derecho,presencial,8,2024-03-06,Huajuapan
2620,Tebacsso,lic. en comunicacion,economia,virtual,8,2024-11-10,Tlacolula
2621,Centro De Estudios,ingenieria civil,educacion,virtual,8,2024-07-16,Tlacolula
2622,Univers. Autonoma,tec. en informatica,ingenieria,semi presencial,8,2024-08-04,Salina Cruz
2623,Instituto Tecnologico,tec en mecanica,ciencias sociales,semi presencial,6,2024-02-24,Salina Cruz
2624,Univers. Autonoma,lic. en derecho,administracion,virtual,6,2024-05-31,Lachixio
2625,Instituto Superior,lic. en turismo,ingenieria,virtual,6,2024-01-28,Huajuapan
2626,Uabjo,tec en mecanica,administracion,presencial,8,2024-10-04,Huajuapan
2627,Ujat,tec. en informatica,tecnologia,semi presencial,6,2024-09-28,juarez
2628,Cecyte,contabilidad,salud,virtual,8,2024-09-24,juarez
2629,Ies Oaxaca,lic. en turismo,economia,presencial,10,2024-10-14,oaxaca capital
2630,Ujat,lic. en biologia,humanidades,semi presencial,10,2024-05-23,juarez
2631,Cecyte,tec. en electronica,humanidades,presencial,8,2024-12-08,juarez
2632,Escuela Normal,contabilidad,tecnologia,semi presencial,6,2024-06-30,Huajuapan
2633,Instituto Tecnologico,lic. en filosofia,economia,semi presencial,6,2024-11-18,Huajuapan
2634,Univers. Autonoma,tec. en electronica,salud,presencial,6,2024-03-01,Xoxocotlan
2635,Centro De Estudios,tec. en electronica,administracion,presencial,8,2024-11-01,juarez
2636,Tecnologica Del Valle,lic en enfermeria,economia,semi presencial,6,2024-12-28,Tlacolula
2637,Instituto Superior,tec. en informatica,derecho,virtual,10,2024-03-03,Tlacolula
2638,Tebacsso,tec en mecanica,administracion,semi presencial,6,2024-02-14,juarez
2639,Tecnologica Del Valle,tec en mecanica,economia,virtual,8,2024-02-12,Etla
2640,Centro De Estudios,contabilidad,derecho,virtual,8,2024-11-07,juarez
2641,Tecnologica Del Valle,tec. en informatica,ciencias sociales,semi presencial,10,2024-06-10,Xoxocotlan
2642,Conalep,lic. en educacion,ciencias sociales,virtual,10,2024-04-26,Xoxocotlan
2643,Ujat,lic. en psicologia,derecho,presencial,6,2024-12-25,Lachixio
2644,Ies Oaxaca,ingenieria en sistemas computacionales,educacion,presencial,6,2024-06-25,Salina Cruz
2645,Tecnologica Del Valle,tec en mecanica,economia,virtual,6,2024-07-03,Huajuapan
2646,Centro De Estudios,lic. en educacion,ingenieria,semi presencial,8,2024-06-19,Pochutla
2647,Tecnologica Del Valle,tec. en electronica,economia,virtual,10,2024-12-19,Ixtlan
2648,Colegio De Bachilleres,lic. en biologia,administracion,virtual,10,2024-01-09,Huajuapan
2649,Instituto Superior,lic. en biologia,ingenieria,semi presencial,8,2024-03-24,Huajuapan
2650,Centro De Estudios,ingenieria en sistemas computacionales,educacion,semi presencial,6,2024-05-17,Lachixio
2651,Conalep,tec. en electronica,salud,semi presencial,10,2024-11-08,Lachixio
2652,Univers. Autonoma,tec. en informatica,derecho,presencial,10,2024-05-23,Pochutla
2653,Instituto Superior,diseño grafico,ingenieria,presencial,10,2024-01-14,Lachixio
2654,Escuela Normal,lic. en educacion,humanidades,semi presencial,6,2024-02-16,Lachixio
2655,Colegio De Bachilleres,lic. en filosofia,ingenieria,virtual,10,2024-06-20,Tlacolula
2656,Tebacsso,lic. en comunicacion,salud,semi presencial,10,2024-10-09,Ixtlan
2657,Conalep,lic. en psicologia,educacion,virtual,8,2024-09-08,oaxaca capital
2658,Escuela Normal,lic en enfermeria,artes,presencial,8,2024-08-12,Huajuapan
2659,Tebacsso,lic. en economia,tecnologia,virtual,8,2024-04-30,Huajuapan
2660,Instituto Tecnologico,lic. en economia,ciencias sociales,presencial,10,2024-01-21,Tlacolula
2661,Tebacsso,diseño grafico,administracion,semi presencial,10,2024-06-19,Huajuapan
2662,Instituto Tecnologico,lic. en derecho,artes,semi presencial,6,2024-12-01,Pochutla
2663,Ies Oaxaca,lic. en filosofia,derecho,semi presencial,6,2024-10-16,Xoxocotlan
2664,Ies Oaxaca,contabilidad,ingenieria,semi presencial,6,2024-10-21,Lachixio
2665,Ies Oaxaca,tec. en informatica,artes,presencial,8,2024-01-05,Tlacolula
2666,Conalep,ingenieria en sistemas computacionales,derecho,virtual,10,2024-03-28,Etla
2667,Escuela Normal,ingenieria civil,administracion,presencial,8,2024-05-22,Xoxocotlan
2668,Conalep,lic. en filosofia,economia,presencial,10,2024-03-31,Ixtlan
2669,Colegio De Bachilleres,lic. en biologia,ciencias sociales,presencial,6,2024-05-26,Tlacolula
2670,Instituto Tecnologico,ingenieria civil,ingenieria,semi presencial,6,2024-12-26,Pochutla
2671,Conalep,tec. en electronica,administracion,semi presencial,6,2024-06-15,juarez
2672,Univers. Autonoma,lic. en educacion,administracion,presencial,6,2024-08-03,Salina Cruz
2673,Tebacsso,lic. en comunicacion,economia,presencial,8,2024-02-28,Lachixio
2674,Colegio De Bachilleres,lic. en psicologia,ingenieria,presencial,6,2024-02-01,Pochutla
2675,Colegio De Bachilleres,lic en enfermeria,tecnologia,presencial,6,2024-07-07,Xoxocotlan
2676,Ies Oaxaca,lic en enfermeria,administracion,presencial,10,2024-05-23,Xoxocotlan
2677,Escuela Normal,lic. en psicologia,derecho,presencial,10,2024-08-26,Huajuapan
2678,Tebacsso,contabilidad,ciencias sociales,semi presencial,6,2024-03-29,Huajuapan
2679,Ujat,lic en enfermeria,tecnologia,semi presencial,8,2024-04-21,juarez
2680,Ies Oaxaca,lic. en turismo,artes,virtual,10,2024-07-08,Etla
2681,Univers. Autonoma,contabilidad,ingenieria,virtual,8,2024-09-13,oaxaca capital
2682,Instituto Tecnologico,lic en enfermeria,ingenieria,virtual,8,2024-12-31,Tlacolula
2683,Colegio De Bachilleres,contabilidad,educacion,virtual,6,2024-08-14,Tlacolula
2684,Instituto Tecnologico,ingenieria en sistemas computacionales,tecnologia,presencial,8,2024-01-27,Tlacolula
2685,Ujat,lic. en psicologia,educacion,virtual,6,2024-12-18,Xoxocotlan
2686,Instituto Tecnologico,lic. en derecho,ciencias sociales,presencial,6,2024-02-28,Xoxocotlan
2687,Instituto Superior,lic. en derecho,economia,virtual,8,2024-12-24,Lachixio
2688,Instituto Tecnologico,ingenieria electronica,educacion,virtual,6,2024-12-24,Huajuapan
2689,Conalep,lic. en educacion,humanidades,semi presencial,10,2024-12-10,Salina Cruz
2690,Instituto Superior,tec. en electronica,administracion,presencial,10,2024-09-27,Ixtlan
2691,Cecyte,lic. en derecho,tecnologia,presencial,6,2024-07-30,Salina Cruz
2692,Escuela Normal,tec en mecanica,humanidades,virtual,10,2024-12-19,Ixtlan
2693,Centro De Estudios,lic. en psicologia,economia,semi presencial,8,2024-02-23,juarez
2694,Instituto Tecnologico,lic. en derecho,derecho,presencial,8,2024-11-19,Tlacolula
2695,Tebacsso,ingenieria electronica,administracion,virtual,6,2024-10-13,Tlacolula
2696,Instituto Superior,tec. en informatica,salud,semi presencial,10,2024-11-09,Pochutla
2697,Tebacsso,tec. en electronica,tecnologia,presencial,8,2024-07-29,Xoxocotlan
2698,Conalep,ingenieria civil,economia,presencial,8,2024-12-26,Huajuapan
2699,Colegio De Bachilleres,contabilidad,administracion,virtual,10,2024-02-03,Salina Cruz
2700,Ies Oaxaca,ingenieria en sistemas computacionales,derecho,semi presencial,6,2024-12-17,oaxaca capital
2701,Ies Oaxaca,lic. en economia,artes,presencial,6,2024-02-26,Tlacolula
2702,Uabjo,lic. en psicologia,ingenieria,presencial,6,2024-11-12,Lachixio
2703,Centro De Estudios,ingenieria en sistemas computacionales,salud,virtual,8,2024-05-12,Huajuapan
2704,Tebacsso,lic. en biologia,tecnologia,presencial,10,2024-01-14,Etla
2705,Univers. Autonoma,diseño grafico,artes,semi presencial,10,2024-07-07,Etla
2706,Tecnologica Del Valle,ingenieria electronica,salud,virtual,8,2024-12-14,juarez
2707,Ujat,contabilidad,artes,virtual,6,2024-06-16,Pochutla
2708,Instituto Superior,lic. en turismo,administracion,presencial,10,2024-11-28,Salina Cruz
2709,Tebacsso,lic. en turismo,artes,semi presencial,6,2024-06-06,juarez
2710,Tebacsso,lic. en comunicacion,humanidades,presencial,10,2024-05-21,Pochutla
2711,Univers. Autonoma,ingenieria electronica,derecho,presencial,8,2024-09-26,Huajuapan
2712,Instituto Superior,lic. en comunicacion,artes,virtual,8,2024-10-20,oaxaca capital
2713,Conalep,ingenieria civil,administracion,semi presencial,6,2024-07-12,Tlacolula
2714,Escuela Normal,lic. en comunicacion,educacion,presencial,6,2024-04-21,Lachixio
2715,Escuela Normal,tec. en informatica,artes,presencial,6,2024-08-20,Salina Cruz
2716,Univers. Autonoma,lic. en turismo,tecnologia,virtual,6,2024-05-06,Ixtlan
2717,Tebacsso,lic. en filosofia,derecho,virtual,6,2024-02-29,oaxaca capital
2718,Ujat,tec. en electronica,artes,semi presencial,8,2024-02-09,juarez
2719,Ies Oaxaca,lic. en turismo,ingenieria,semi presencial,8,2024-11-26,oaxaca capital
2720,Ujat,ingenieria electronica,derecho,semi presencial,10,2024-05-13,Huajuapan
2721,Centro De Estudios,lic. en derecho,educacion,presencial,8,2024-07-10,juarez
2722,Escuela Normal,lic. en economia,tecnologia,presencial,10,2024-01-01,Huajuapan
2723,Ies Oaxaca,lic. en filosofia,salud,semi presencial,6,2024-08-08,Etla
2724,Cecyte,lic. en biologia,administracion,semi presencial,10,2024-01-03,Huajuapan
2725,Ies Oaxaca,lic. en derecho,administracion,virtual,8,2024-10-20,Xoxocotlan
2726,Ujat,tec en mecanica,educacion,virtual,8,2024-09-26,Etla
2727,Centro De Estudios,tec en mecanica,economia,virtual,8,2024-08-26,Etla
2728,Colegio De Bachilleres,tec en mecanica,tecnologia,virtual,6,2024-06-07,oaxaca capital
2729,Instituto Superior,ingenieria civil,ingenieria,presencial,10,2024-05-09,Salina Cruz
2730,Cecyte,contabilidad,tecnologia,semi presencial,10,2024-02-25,Xoxocotlan
2731,Escuela Normal,lic. en turismo,humanidades,virtual,6,2024-08-23,Pochutla
2732,Ujat,diseño grafico,derecho,semi presencial,8,2024-05-29,Lachixio
2733,Ies Oaxaca,tec. en informatica,ingenieria,presencial,10,2024-01-11,Salina Cruz
2734,Instituto Superior,lic. en filosofia,economia,presencial,6,2024-05-14,Etla
2735,Cecyte,lic. en economia,ciencias sociales,virtual,6,2024-12-19,Huajuapan
2736,Tecnologica Del Valle,lic. en educacion,salud,semi presencial,10,2024-12-26,Ixtlan
2737,Uabjo,tec en mecanica,ingenieria,semi presencial,8,2024-02-18,Salina Cruz
2738,Tebacsso,administracion de empresas,salud,virtual,8,2024-06-02,Lachixio
2739,Ies Oaxaca,diseño grafico,ingenieria,virtual,8,2024-10-03,Huajuapan
2740,Instituto Superior,lic. en turismo,educacion,presencial,10,2024-02-04,Etla
2741,Instituto Superior,contabilidad,administracion,semi presencial,6,2024-03-14,oaxaca capital
2742,Centro De Estudios,ingenieria en sistemas computacionales,derecho,virtual,6,2024-07-15,Lachixio
2743,Cecyte,lic. en educacion,ingenieria,semi presencial,10,2024-12-29,Tlacolula
2744,Instituto Tecnologico,tec en mecanica,humanidades,presencial,8,2024-04-29,Salina Cruz
2745,Univers. Autonoma,lic. en turismo,artes,presencial,8,2024-04-18,Lachixio
2746,Tecnologica Del Valle,ingenieria en sistemas computacionales,economia,virtual,10,2024-08-21,Ixtlan
2747,Conalep,lic. en educacion,ciencias sociales,semi presencial,10,2024-12-12,Huajuapan
2748,Ies Oaxaca,lic. en biologia,humanidades,presencial,10,2024-09-10,Ixtlan
2749,Univers. Autonoma,lic en enfermeria,economia,presencial,10,2024-05-15,oaxaca capital
2750,Uabjo,lic. en psicologia,salud,semi presencial,6,2024-10-20,Etla
2751,Escuela Normal,lic. en derecho,derecho,presencial,10,2024-07-17,oaxaca capital
2752,Tecnologica Del Valle,lic. en filosofia,administracion,semi presencial,8,2024-02-22,Etla
2753,Centro De Estudios,contabilidad,artes,virtual,6,2024-12-31,Salina Cruz
2754,Escuela Normal,contabilidad,salud,virtual,8,2024-11-28,Tlacolula
2755,Uabjo,lic. en psicologia,ciencias sociales,semi presencial,10,2024-11-13,Xoxocotlan
2756,Colegio De Bachilleres,tec. en electronica,tecnologia,virtual,10,2024-08-07,Ixtlan
2757,Univers. Autonoma,ingenieria civil,ingenieria,presencial,10,2024-10-15,juarez
2758,Centro De Estudios,tec. en informatica,economia,presencial,10,2024-03-14,Ixtlan
2759,Cecyte,lic. en derecho,salud,presencial,6,2024-05-18,oaxaca capital
2760,Ies Oaxaca,ingenieria en sistemas computacionales,humanidades,presencial,6,2024-11-04,Salina Cruz
2761,Colegio De Bachilleres,lic. en biologia,economia,virtual,6,2024-10-27,oaxaca capital
2762,Instituto Tecnologico,tec. en informatica,educacion,semi presencial,8,2024-02-06,Pochutla
2763,Colegio De Bachilleres,lic. en comunicacion,salud,presencial,8,2024-01-20,juarez
2764,Centro De Estudios,lic en enfermeria,ciencias sociales,semi presencial,6,2024-03-17,Lachixio
2765,Escuela Normal,lic. en filosofia,educacion,presencial,10,2024-11-20,oaxaca capital
2766,Tecnologica Del Valle,tec en mecanica,ingenieria,semi presencial,8,2024-06-11,Etla
2767,Uabjo,lic. en filosofia,administracion,presencial,6,2024-04-12,Lachixio
2768,Instituto Superior,lic. en biologia,artes,semi presencial,8,2024-08-16,Huajuapan
2769,Ujat,ingenieria electronica,ingenieria,semi presencial,8,2024-11-05,Pochutla
2770,Colegio De Bachilleres,lic. en biologia,economia,presencial,10,2024-08-16,Salina Cruz
2771,Escuela Normal,ingenieria en sistemas computacionales,ciencias sociales,virtual,10,2024-03-06,Pochutla
2772,Tebacsso,ingenieria en sistemas computacionales,ciencias sociales,presencial,6,2024-02-28,Xoxocotlan
2773,Univers. Autonoma,tec. en electronica,derecho,virtual,8,2024-04-08,Tlacolula
2774,Univers. Autonoma,lic. en psicologia,artes,semi presencial,8,2024-11-08,juarez
2775,Tebacsso,lic. en turismo,educacion,presencial,8,2024-04-06,Huajuapan
2776,Escuela Normal,lic. en derecho,ciencias sociales,presencial,8,2024-04-08,Tlacolula
2777,Colegio De Bachilleres,lic. en economia,derecho,virtual,10,2024-05-24,Tlacolula
2778,Conalep,diseño grafico,artes,semi presencial,6,2024-08-17,juarez
2779,Instituto Superior,ingenieria civil,salud,presencial,8,2024-06-09,Salina Cruz
2780,Tebacsso,tec en mecanica,ciencias sociales,presencial,6,2024-09-10,Tlacolula
2781,Ujat,ingenieria en sistemas computacionales,administracion,virtual,10,2024-11-16,Etla
2782,Conalep,tec en mecanica,salud,semi presencial,6,2024-09-11,Ixtlan
2783,Escuela Normal,tec. en electronica,administracion,semi presencial,6,2024-06-23,Huajuapan
2784,Ies Oaxaca,tec en mecanica,tecnologia,virtual,10,2024-04-21,Tlacolula
2785,Tecnologica Del Valle,lic. en filosofia,artes,presencial,6,2024-11-01,Ixtlan
2786,Centro De Estudios,ingenieria en sistemas computacionales,administracion,virtual,8,2024-10-08,Salina Cruz
2787,Colegio De Bachilleres,lic. en comunicacion,ciencias sociales,presencial,8,2024-06-04,Tlacolula
2788,Escuela Normal,ingenieria electronica,administracion,virtual,8,2024-02-21,Lachixio
2789,Instituto Tecnologico,ingenieria civil,administracion,presencial,6,2024-07-20,Tlacolula
2790,Centro De Estudios,diseño grafico,humanidades,semi presencial,8,2024-03-04,Salina Cruz
2791,Tebacsso,lic. en derecho,salud,semi presencial,10,2024-05-24,Salina Cruz
2792,Tecnologica Del Valle,lic. en derecho,ingenieria,semi presencial,10,2024-03-27,Ixtlan
2793,Centro De Estudios,ingenieria civil,educacion,presencial,10,2024-02-24,Ixtlan
2794,Instituto Superior,ingenieria electronica,ciencias sociales,presencial,6,2024-04-21,Lachixio
2795,Uabjo,lic. en comunicacion,economia,semi presencial,10,2024-12-01,Lachixio
2796,Instituto Superior,lic. en derecho,ingenieria,semi presencial,8,2024-09-23,juarez
2797,Colegio De Bachilleres,lic. en derecho,derecho,virtual,8,2024-03-28,Lachixio
2798,Tecnologica Del Valle,administracion de empresas,educacion,semi presencial,8,2024-09-23,Lachixio
2799,Uabjo,lic. en educacion,tecnologia,semi presencial,6,2024-07-17,juarez
2800,Ies Oaxaca,ingenieria en sistemas computacionales,ciencias sociales,virtual,10,2024-01-14,Pochutla
2801,Tebacsso,lic. en psicologia,tecnologia,presencial,6,2024-06-20,juarez
2802,Ies Oaxaca,ingenieria electronica,administracion,virtual,10,2024-03-27,Etla
2803,Escuela Normal,diseño grafico,economia,semi presencial,8,2024-03-11,Salina Cruz
2804,Centro De Estudios,lic. en turismo,tecnologia,semi presencial,8,2024-05-06,Xoxocotlan
2805,Ies Oaxaca,tec. en informatica,artes,virtual,8,2024-11-11,Salina Cruz
2806,Conalep,lic. en psicologia,economia,presencial,6,2024-08-05,Xoxocotlan
2807,Conalep,tec en mecanica,ingenieria,virtual,8,2024-08-21,Ixtlan
2808,Instituto Tecnologico,lic. en comunicacion,ingenieria,virtual,6,2024-04-18,juarez
2809,Centro De Estudios,lic. en turismo,educacion,presencial,8,2024-07-28,oaxaca capital
2810,Centro De Estudios,lic. en biologia,salud,semi presencial,8,2024-11-01,Ixtlan
2811,Tecnologica Del Valle,lic. en turismo,ingenieria,semi presencial,6,2024-06-05,Huajuapan
2812,Conalep,lic. en biologia,artes,virtual,6,2024-08-16,Ixtlan
2813,Ujat,tec en mecanica,humanidades,virtual,10,2024-01-16,Xoxocotlan
2814,Ies Oaxaca,diseño grafico,ciencias sociales,virtual,6,2024-08-16,Lachixio
2815,Uabjo,ingenieria civil,artes,presencial,10,2024-09-09,Lachixio
2816,Univers. Autonoma,diseño grafico,economia,presencial,8,2024-12-16,Salina Cruz
2817,Conalep,contabilidad,educacion,semi presencial,8,2024-06-04,Etla
2818,Uabjo,administracion de empresas,artes,virtual,6,2024-10-20,Tlacolula
2819,Ies Oaxaca,lic. en comunicacion,ciencias sociales,semi presencial,8,2024-01-30,Pochutla
2820,Tebacsso,administracion de empresas,salud,presencial,6,2024-12-17,Etla
2821,Cecyte,lic. en comunicacion,ciencias sociales,semi presencial,10,2024-07-05,oaxaca capital
2822,Univers. Autonoma,lic en enfermeria,economia,presencial,6,2024-05-10,Lachixio
2823,Instituto Tecnologico,contabilidad,salud,presencial,10,2024-08-25,Lachixio
2824,Tebacsso,ingenieria en sistemas computacionales,ingenieria,presencial,10,2024-02-06,Xoxocotlan
2825,Colegio De Bachilleres,lic. en derecho,educacion,semi presencial,6,2024-01-05,oaxaca capital
2826,Tecnologica Del Valle,lic. en educacion,educacion,virtual,6,2024-10-05,Salina Cruz
2827,Instituto Tecnologico,lic. en economia,derecho,virtual,6,2024-12-08,Huajuapan
2828,Instituto Tecnologico,lic en enfermeria,salud,virtual,6,2024-12-09,juarez
2829,Colegio De Bachilleres,tec en mecanica,ingenieria,virtual,6,2024-12-03,Ixtlan
2830,Tebacsso,lic. en educacion,derecho,virtual,10,2024-10-13,Pochutla
2831,Cecyte,ingenieria electronica,artes,semi presencial,8,2024-10-16,Lachixio
2832,Instituto Tecnologico,ingenieria civil,economia,semi presencial,8,2024-10-06,Etla
2833,Uabjo,administracion de empresas,tecnologia,presencial,6,2024-12-31,Tlacolula
2834,Uabjo,lic. en educacion,educacion,virtual,8,2024-06-19,juarez
2835,Cecyte,administracion de empresas,ingenieria,virtual,10,2024-04-24,Salina Cruz
2836,Tecnologica Del Valle,diseño grafico,humanidades,semi presencial,10,2024-04-20,Pochutla
2837,Tebacsso,diseño grafico,ciencias sociales,presencial,10,2024-03-13,Lachixio
2838,Tecnologica Del Valle,lic. en psicologia,ingenieria,semi presencial,10,2024-07-25,Ixtlan
2839,Cecyte,administracion de empresas,humanidades,presencial,8,2024-04-28,Pochutla
2840,Instituto Superior,ingenieria electronica,economia,presencial,10,2024-11-19,Ixtlan
2841,Escuela Normal,lic. en derecho,artes,semi presencial,8,2024-09-17,Huajuapan
2842,Escuela Normal,ingenieria civil,ciencias sociales,virtual,8,2024-06-01,Pochutla
2843,Instituto Superior,ingenieria civil,tecnologia,virtual,10,2024-08-02,Pochutla
2844,Centro De Estudios,administracion de empresas,administracion,presencial,10,2024-02-10,Huajuapan
2845,Univers. Autonoma,ingenieria civil,humanidades,presencial,6,2024-10-02,Tlacolula
2846,Instituto Superior,lic. en biologia,tecnologia,presencial,8,2024-02-07,Salina Cruz
2847,Ies Oaxaca,lic. en turismo,salud,semi presencial,10,2024-12-07,Xoxocotlan
2848,Tecnologica Del Valle,lic en enfermeria,salud,presencial,10,2024-12-30,Etla
2849,Instituto Superior,ingenieria electronica,tecnologia,virtual,10,2024-05-14,oaxaca capital
2850,Ies Oaxaca,tec en mecanica,derecho,semi presencial,10,2024-04-12,juarez
2851,Colegio De Bachilleres,ingenieria en sistemas computacionales,ciencias sociales,virtual,8,2024-04-03,oaxaca capital
2852,Ies Oaxaca,tec. en electronica,ciencias sociales,semi presencial,8,2024-05-07,Xoxocotlan
2853,Centro De Estudios,administracion de empresas,artes,virtual,10,2024-06-20,Huajuapan
2854,Instituto Superior,lic. en derecho,ciencias sociales,semi presencial,6,2024-01-19,Lachixio
2855,Tecnologica Del Valle,diseño grafico,ciencias sociales,virtual,8,2024-06-29,Salina Cruz
2856,Ies Oaxaca,ingenieria civil,economia,semi presencial,8,2024-09-06,Huajuapan
2857,Conalep,lic. en turismo,economia,presencial,10,2024-01-29,Tlacolula
2858,Ies Oaxaca,lic. en comunicacion,salud,virtual,10,2024-05-05,Ixtlan
2859,Univers. Autonoma,lic. en turismo,artes,semi presencial,10,2024-06-17,Ixtlan
2860,Conalep,lic. en turismo,salud,virtual,8,2024-09-16,Huajuapan
2861,Instituto Superior,lic. en educacion,ingenieria,presencial,10,2024-07-18,oaxaca capital
2862,Univers. Autonoma,contabilidad,artes,virtual,10,2024-11-17,oaxaca capital
2863,Tebacsso,lic. en biologia,tecnologia,virtual,6,2024-09-14,Lachixio
2864,Colegio De Bachilleres,contabilidad,economia,semi presencial,10,2024-02-11,Pochutla
2865,Univers. Autonoma,lic. en psicologia,economia,presencial,8,2024-07-08,oaxaca capital
2866,Centro De Estudios,ingenieria electronica,humanidades,semi presencial,6,2024-12-21,Xoxocotlan
2867,Ies Oaxaca,lic. en educacion,economia,semi presencial,10,2024-10-29,juarez
2868,Ies Oaxaca,tec en mecanica,artes,semi presencial,8,2024-05-06,Etla
2869,Instituto Superior,administracion de empresas,economia,presencial,6,2024-04-25,Xoxocotlan
2870,Colegio De Bachilleres,diseño grafico,educacion,presencial,6,2024-12-11,Lachixio
2871,Colegio De Bachilleres,lic. en filosofia,educacion,presencial,6,2024-12-14,Huajuapan
2872,Cecyte,contabilidad,derecho,virtual,8,2024-02-08,juarez
2873,Ies Oaxaca,tec. en informatica,economia,semi presencial,8,2024-11-12,Ixtlan
2874,Centro De Estudios,lic en enfermeria,educacion,virtual,8,2024-01-03,oaxaca capital
2875,Instituto Tecnologico,lic. en biologia,administracion,virtual,6,2024-02-26,juarez
2876,Instituto Tecnologico,lic. en filosofia,administracion,semi presencial,10,2024-09-04,Pochutla
2877,Centro De Estudios,ingenieria civil,artes,presencial,10,2024-11-22,Tlacolula
2878,Ies Oaxaca,lic. en derecho,salud,semi presencial,8,2024-08-26,Xoxocotlan
2879,Ies Oaxaca,tec en mecanica,salud,semi presencial,8,2024-06-25,Lachixio
2880,Uabjo,lic. en turismo,salud,presencial,10,2024-08-07,Huajuapan
2881,Centro De Estudios,lic. en derecho,educacion,presencial,10,2024-11-04,Xoxocotlan
2882,Centro De Estudios,lic. en filosofia,derecho,virtual,8,2024-04-24,Lachixio
2883,Tecnologica Del Valle,tec. en electronica,artes,presencial,10,2024-09-25,juarez
2884,Cecyte,diseño grafico,salud,presencial,6,2024-02-08,Tlacolula
2885,Conalep,tec. en informatica,salud,presencial,6,2024-06-22,Xoxocotlan
2886,Instituto Tecnologico,ingenieria en sistemas computacionales,educacion,virtual,6,2024-08-02,Xoxocotlan
2887,Tebacsso,ingenieria electronica,humanidades,presencial,10,2024-08-28,oaxaca capital
2888,Tecnologica Del Valle,ingenieria en sistemas computacionales,salud,presencial,10,2024-02-24,oaxaca capital
2889,Uabjo,lic. en economia,derecho,presencial,10,2024-09-30,Ixtlan
2890,Centro De Estudios,lic. en biologia,salud,semi presencial,6,2024-10-20,Lachixio
2891,Colegio De Bachilleres,contabilidad,economia,semi presencial,10,2024-02-13,Lachixio
2892,Univers. Autonoma,administracion de empresas,derecho,semi presencial,8,2024-09-24,oaxaca capital
2893,Escuela Normal,lic. en economia,educacion,virtual,6,2024-05-26,juarez
2894,Uabjo,tec. en electronica,salud,presencial,6,2024-12-17,oaxaca capital
2895,Univers. Autonoma,lic. en filosofia,administracion,virtual,8,2024-03-03,Etla
2896,Cecyte,ingenieria en sistemas computacionales,economia,semi presencial,6,2024-08-06,Salina Cruz
2897,Ujat,tec en mecanica,economia,presencial,10,2024-09-28,Lachixio
2898,Ies Oaxaca,lic. en turismo,tecnologia,semi presencial,6,2024-04-16,Huajuapan
2899,Instituto Tecnologico,lic. en economia,ingenieria,presencial,6,2024-02-27,Pochutla
2900,Ujat,tec. en informatica,economia,semi presencial,8,2024-08-23,Salina Cruz
2901,Tebacsso,ingenieria electronica,ciencias sociales,presencial,6,2024-07-08,Huajuapan
2902,Tebacsso,ingenieria electronica,artes,presencial,6,2024-07-04,Tlacolula
2903,Instituto Superior,tec en mecanica,artes,virtual,10,2024-05-03,Pochutla
2904,Tecnologica Del Valle,lic. en comunicacion,humanidades,semi presencial,6,2024-05-10,Ixtlan
2905,Conalep,contabilidad,artes,presencial,10,2024-09-29,Pochutla
2906,Tecnologica Del Valle,lic. en biologia,administracion,virtual,6,2024-02-28,Ixtlan
2907,Tebacsso,lic. en comunicacion,economia,semi presencial,8,2024-05-03,Huajuapan
2908,Tebacsso,lic en enfermeria,salud,semi presencial,10,2024-07-08,juarez
2909,Centro De Estudios,lic. en derecho,economia,semi presencial,6,2024-04-02,Xoxocotlan
2910,Colegio De Bachilleres,administracion de empresas,salud,semi presencial,6,2024-04-02,juarez
2911,Ies Oaxaca,administracion de empresas,derecho,virtual,8,2024-07-23,Pochutla
2912,Univers. Autonoma,lic. en derecho,tecnologia,semi presencial,8,2024-10-10,Etla
2913,Ujat,administracion de empresas,humanidades,presencial,10,2024-07-15,Xoxocotlan
2914,Colegio De Bachilleres,lic. en biologia,administracion,presencial,8,2024-04-08,Etla
2915,Instituto Tecnologico,tec. en informatica,salud,presencial,6,2024-07-27,Salina Cruz
2916,Ies Oaxaca,lic en enfermeria,artes,semi presencial,8,2024-12-01,Tlacolula
2917,Tebacsso,lic. en educacion,ingenieria,semi presencial,6,2024-06-12,oaxaca capital
2918,Conalep,ingenieria civil,derecho,presencial,8,2024-07-31,Pochutla
2919,Centro De Estudios,lic. en comunicacion,artes,presencial,6,2024-06-21,oaxaca capital
2920,Instituto Superior,contabilidad,ciencias sociales,presencial,6,2024-11-11,Xoxocotlan
2921,Uabjo,lic. en filosofia,tecnologia,semi presencial,6,2024-03-18,Ixtlan
2922,Tebacsso,diseño grafico,ciencias sociales,virtual,10,2024-02-04,Etla
2923,Cecyte,lic. en filosofia,artes,semi presencial,10,2024-12-23,juarez
2924,Ies Oaxaca,lic. en biologia,humanidades,presencial,6,2024-07-01,Huajuapan
2925,Conalep,ingenieria electronica,administracion,semi presencial,8,2024-08-15,Ixtlan
2926,Colegio De Bachilleres,administracion de empresas,humanidades,presencial,8,2024-05-18,Pochutla
2927,Tecnologica Del Valle,lic. en psicologia,salud,virtual,6,2024-05-26,Etla
2928,Instituto Tecnologico,lic. en derecho,derecho,presencial,10,2024-08-31,Pochutla
2929,Colegio De Bachilleres,tec. en informatica,ciencias sociales,presencial,8,2024-10-23,juarez
2930,Ujat,lic. en educacion,artes,presencial,6,2024-02-09,Ixtlan
2931,Cecyte,ingenieria en sistemas computacionales,educacion,virtual,10,2024-03-29,Xoxocotlan
2932,Instituto Superior,ingenieria en sistemas computacionales,salud,semi presencial,6,2024-04-01,oaxaca capital
2933,Instituto Tecnologico,lic. en filosofia,ingenieria,presencial,6,2024-03-09,Lachixio
2934,Tecnologica Del Valle,tec en mecanica,educacion,semi presencial,6,2024-01-11,Ixtlan
2935,Conalep,lic. en psicologia,artes,virtual,8,2024-07-04,Xoxocotlan
2936,Conalep,ingenieria electronica,economia,semi presencial,8,2024-06-16,juarez
2937,Ujat,lic. en educacion,artes,presencial,8,2024-11-11,Salina Cruz
2938,Conalep,contabilidad,administracion,presencial,10,2024-03-09,Huajuapan
2939,Tecnologica Del Valle,tec. en informatica,ciencias sociales,semi presencial,8,2024-10-28,oaxaca capital
2940,Tebacsso,ingenieria electronica,ingenieria,virtual,10,2024-01-03,Etla
2941,Tebacsso,lic. en biologia,salud,presencial,10,2024-06-21,Etla
2942,Univers. Autonoma,lic. en turismo,administracion,presencial,6,2024-06-01,oaxaca capital
2943,Tebacsso,ingenieria civil,tecnologia,presencial,6,2024-09-20,Etla
2944,Tecnologica Del Valle,lic. en psicologia,administracion,presencial,10,2024-04-28,Xoxocotlan
2945,Conalep,diseño grafico,derecho,presencial,6,2024-08-09,Etla
2946,Ujat,diseño grafico,derecho,presencial,6,2024-05-14,juarez
2947,Conalep,lic. en turismo,humanidades,presencial,6,2024-08-27,Huajuapan
2948,Tecnologica Del Valle,tec en mecanica,administracion,semi presencial,10,2024-02-19,Salina Cruz
2949,Conalep,tec. en electronica,tecnologia,presencial,8,2024-06-01,oaxaca capital
2950,Tebacsso,tec. en electronica,derecho,semi presencial,10,2024-04-11,Tlacolula
2951,Ujat,lic. en economia,ingenieria,virtual,6,2024-02-28,Huajuapan
2952,Uabjo,tec en mecanica,derecho,semi presencial,6,2024-10-09,Etla
2953,Conalep,lic. en filosofia,humanidades,virtual,6,2024-07-13,oaxaca capital
2954,Colegio De Bachilleres,tec en mecanica,tecnologia,virtual,10,2024-12-01,Tlacolula
2955,Colegio De Bachilleres,lic. en filosofia,economia,virtual,6,2024-03-01,oaxaca capital
2956,Tebacsso,lic en enfermeria,educacion,presencial,10,2024-06-03,Pochutla
2957,Instituto Superior,diseño grafico,administracion,semi presencial,6,2024-03-24,Etla
2958,Univers. Autonoma,administracion de empresas,ciencias sociales,virtual,6,2024-12-16,oaxaca capital
2959,Ies Oaxaca,tec en mecanica,salud,presencial,6,2024-08-07,Etla
2960,Tecnologica Del Valle,lic. en turismo,derecho,virtual,6,2024-04-04,Xoxocotlan
2961,Centro De Estudios,lic. en comunicacion,economia,semi presencial,8,2024-06-09,juarez
2962,Uabjo,lic. en turismo,tecnologia,semi presencial,8,2024-03-24,Xoxocotlan
2963,Ies Oaxaca,diseño grafico,artes,semi presencial,10,2024-12-21,oaxaca capital
2964,Cecyte,lic. en biologia,ciencias sociales,semi presencial,6,2024-10-27,Huajuapan
2965,Tecnologica Del Valle,lic en enfermeria,salud,presencial,8,2024-05-13,Huajuapan
2966,Colegio De Bachilleres,lic. en filosofia,administracion,semi presencial,6,2024-01-20,Etla
2967,Univers. Autonoma,lic. en psicologia,derecho,semi presencial,10,2024-07-30,Ixtlan
2968,Conalep,lic. en derecho,economia,presencial,8,2024-08-27,Etla
2969,Uabjo,ingenieria civil,salud,presencial,6,2024-02-26,Tlacolula
2970,Instituto Tecnologico,tec. en electronica,derecho,presencial,10,2024-01-22,Tlacolula
2971,Escuela Normal,lic. en derecho,artes,virtual,10,2024-08-24,Huajuapan
2972,Instituto Superior,ingenieria en sistemas computacionales,tecnologia,virtual,8,2024-06-15,Tlacolula
2973,Tebacsso,lic. en turismo,ingenieria,virtual,6,2024-01-29,Salina Cruz
2974,Centro De Estudios,lic. en turismo,ciencias sociales,virtual,8,2024-01-24,Xoxocotlan
2975,Ujat,lic. en educacion,educacion,semi presencial,10,2024-03-24,Ixtlan
2976,Centro De Estudios,lic. en educacion,administracion,presencial,8,2024-04-06,Ixtlan
2977,Uabjo,administracion de empresas,ingenieria,virtual,10,2024-01-03,Tlacolula
2978,Instituto Tecnologico,contabilidad,administracion,virtual,10,2024-10-30,Lachixio
2979,Escuela Normal,diseño grafico,derecho,virtual,10,2024-03-25,Lachixio
2980,Ujat,ingenieria civil,humanidades,semi presencial,10,2024-08-22,juarez
2981,Instituto Superior,lic. en comunicacion,salud,presencial,10,2024-02-10,Salina Cruz
2982,Centro De Estudios,lic. en turismo,ciencias sociales,presencial,8,2024-11-30,Tlacolula
2983,Conalep,ingenieria civil,educacion,virtual,6,2024-12-23,oaxaca capital
2984,Ies Oaxaca,lic. en psicologia,humanidades,semi presencial,6,2024-08-08,Huajuapan
2985,Escuela Normal,lic. en turismo,ingenieria,semi presencial,6,2024-10-23,Huajuapan
2986,Tebacsso,lic. en economia,administracion,presencial,10,2024-03-17,oaxaca capital
2987,Escuela Normal,tec. en informatica,humanidades,presencial,10,2024-06-18,Tlacolula
2988,Cecyte,lic. en biologia,ciencias sociales,virtual,10,2024-11-04,Lachixio
2989,Uabjo,ingenieria electronica,tecnologia,presencial,6,2024-12-18,Salina Cruz
2990,Conalep,ingenieria electronica,tecnologia,presencial,6,2024-10-25,Salina Cruz
2991,Instituto Superior,lic. en derecho,humanidades,semi presencial,10,2024-01-27,Lachixio
2992,Cecyte,lic. en educacion,artes,presencial,6,2024-08-02,Tlacolula
2993,Cecyte,administracion de empresas,tecnologia,virtual,10,2024-02-15,Etla
2994,Uabjo,lic. en filosofia,salud,virtual,8,2024-09-08,oaxaca capital
2995,Uabjo,lic. en biologia,administracion,virtual,10,2024-02-13,Xoxocotlan
2996,Centro De Estudios,lic. en turismo,ciencias sociales,semi presencial,10,2024-07-26,Etla
2997,Centro De Estudios,administracion de empresas,humanidades,virtual,10,2024-10-13,juarez
2998,Uabjo,lic en enfermeria,tecnologia,presencial,6,2024-05-13,Xoxocotlan
2999,Centro De Estudios,lic. en derecho,administracion,virtual,6,2024-04-05,Etla
3000,Uabjo,lic. en educacion,ciencias sociales,virtual,8,2024-05-29,Lachixio
3001,Centro De Estudios,lic. en filosofia,ingenieria,semi presencial,10,2024-12-14,Pochutla
3002,Centro De Estudios,ingenieria civil,ingenieria,presencial,6,2024-11-16,Xoxocotlan
3003,Uabjo,lic. en filosofia,artes,semi presencial,8,2024-11-28,oaxaca capital
3004,Instituto Tecnologico,lic. en educacion,derecho,semi presencial,10,2024-05-24,Xoxocotlan
3005,Ujat,lic. en filosofia,tecnologia,semi presencial,10,2024-04-01,Ixtlan
3006,Univers. Autonoma,ingenieria civil,artes,semi presencial,6,2024-08-02,Tlacolula
3007,Conalep,ingenieria civil,artes,virtual,6,2024-01-25,Xoxocotlan
3008,Instituto Superior,tec. en informatica,ingenieria,semi presencial,6,2024-10-25,Huajuapan
3009,Ujat,tec en mecanica,artes,presencial,6,2024-03-09,Pochutla
3010,Tecnologica Del Valle,lic. en derecho,artes,semi presencial,8,2024-01-16,Salina Cruz
3011,Tebacsso,lic. en comunicacion,salud,semi presencial,6,2024-07-30,juarez
3012,Ujat,ingenieria en sistemas computacionales,educacion,presencial,8,2024-07-22,Ixtlan
3013,Tebacsso,tec en mecanica,humanidades,presencial,10,2024-03-12,Etla
3014,Centro De Estudios,ingenieria en sistemas computacionales,salud,virtual,8,2024-04-19,Lachixio
3015,Escuela Normal,lic en enfermeria,derecho,presencial,10,2024-02-02,oaxaca capital
3016,Conalep,lic. en derecho,tecnologia,virtual,8,2024-05-23,juarez
3017,Univers. Autonoma,lic. en biologia,tecnologia,semi presencial,8,2024-10-10,Pochutla
3018,Instituto Superior,administracion de empresas,administracion,semi presencial,10,2024-11-20,Huajuapan
3019,Instituto Superior,ingenieria en sistemas computacionales,derecho,presencial,10,2024-02-06,Xoxocotlan
3020,Escuela Normal,administracion de empresas,artes,virtual,10,2024-11-28,Tlacolula
